Country me	Country Code	Series	Series Code	Series_Code_New	mostrecent
Afghanistan	AFG	"Adjusted net enrolment rate, primary, both sexes (%)"	SE.PRM.TENR	PRIMARY	NA
Afghanistan	AFG	"Adjusted net enrolment rate, lower secondary, both sexes (%)"	UIS.NERA.2	LOWER_SECONDARY	50.63
Afghanistan	AFG	"Adjusted net enrolment rate, upper secondary, both sexes (%)"	UIS.NERA.3	UPPER_SECONDARY	32.42
Albania	ALB	"Adjusted net enrolment rate, primary, both sexes (%)"	SE.PRM.TENR	PRIMARY	95.92
Albania	ALB	"Adjusted net enrolment rate, lower secondary, both sexes (%)"	UIS.NERA.2	LOWER_SECONDARY	88.78
Albania	ALB	"Adjusted net enrolment rate, upper secondary, both sexes (%)"	UIS.NERA.3	UPPER_SECONDARY	70.29
Algeria	DZA	"Adjusted net enrolment rate, primary, both sexes (%)"	SE.PRM.TENR	PRIMARY	98.81
Algeria	DZA	"Adjusted net enrolment rate, lower secondary, both sexes (%)"	UIS.NERA.2	LOWER_SECONDARY	59.06
Algeria	DZA	"Adjusted net enrolment rate, upper secondary, both sexes (%)"	UIS.NERA.3	UPPER_SECONDARY	NA
American Samoa	ASM	"Adjusted net enrolment rate, primary, both sexes (%)"	SE.PRM.TENR	PRIMARY	NA
American Samoa	ASM	"Adjusted net enrolment rate, lower secondary, both sexes (%)"	UIS.NERA.2	LOWER_SECONDARY	NA
American Samoa	ASM	"Adjusted net enrolment rate, upper secondary, both sexes (%)"	UIS.NERA.3	UPPER_SECONDARY	NA
Andorra	AND	"Adjusted net enrolment rate, primary, both sexes (%)"	SE.PRM.TENR	PRIMARY	NA
Andorra	AND	"Adjusted net enrolment rate, lower secondary, both sexes (%)"	UIS.NERA.2	LOWER_SECONDARY	NA
Andorra	AND	"Adjusted net enrolment rate, upper secondary, both sexes (%)"	UIS.NERA.3	UPPER_SECONDARY	NA
Angola	AGO	"Adjusted net enrolment rate, primary, both sexes (%)"	SE.PRM.TENR	PRIMARY	84.01
Angola	AGO	"Adjusted net enrolment rate, lower secondary, both sexes (%)"	UIS.NERA.2	LOWER_SECONDARY	6.01
Angola	AGO	"Adjusted net enrolment rate, upper secondary, both sexes (%)"	UIS.NERA.3	UPPER_SECONDARY	3.42
Antigua and Barbuda	ATG	"Adjusted net enrolment rate, primary, both sexes (%)"	SE.PRM.TENR	PRIMARY	90.25
Antigua and Barbuda	ATG	"Adjusted net enrolment rate, lower secondary, both sexes (%)"	UIS.NERA.2	LOWER_SECONDARY	77.30
Antigua and Barbuda	ATG	"Adjusted net enrolment rate, upper secondary, both sexes (%)"	UIS.NERA.3	UPPER_SECONDARY	43.20
Argenti	ARG	"Adjusted net enrolment rate, primary, both sexes (%)"	SE.PRM.TENR	PRIMARY	99.67
Argenti	ARG	"Adjusted net enrolment rate, lower secondary, both sexes (%)"	UIS.NERA.2	LOWER_SECONDARY	87.13
Argenti	ARG	"Adjusted net enrolment rate, upper secondary, both sexes (%)"	UIS.NERA.3	UPPER_SECONDARY	61.86
Armenia	ARM	"Adjusted net enrolment rate, primary, both sexes (%)"	SE.PRM.TENR	PRIMARY	96.42
Armenia	ARM	"Adjusted net enrolment rate, lower secondary, both sexes (%)"	UIS.NERA.2	LOWER_SECONDARY	90.80
Armenia	ARM	"Adjusted net enrolment rate, upper secondary, both sexes (%)"	UIS.NERA.3	UPPER_SECONDARY	64.84
Aruba	ABW	"Adjusted net enrolment rate, primary, both sexes (%)"	SE.PRM.TENR	PRIMARY	99.31
Aruba	ABW	"Adjusted net enrolment rate, lower secondary, both sexes (%)"	UIS.NERA.2	LOWER_SECONDARY	78.05
Aruba	ABW	"Adjusted net enrolment rate, upper secondary, both sexes (%)"	UIS.NERA.3	UPPER_SECONDARY	58.25
Australia	AUS	"Adjusted net enrolment rate, primary, both sexes (%)"	SE.PRM.TENR	PRIMARY	97.16
Australia	AUS	"Adjusted net enrolment rate, lower secondary, both sexes (%)"	UIS.NERA.2	LOWER_SECONDARY	86.20
Australia	AUS	"Adjusted net enrolment rate, upper secondary, both sexes (%)"	UIS.NERA.3	UPPER_SECONDARY	76.05
Austria	AUT	"Adjusted net enrolment rate, primary, both sexes (%)"	SE.PRM.TENR	PRIMARY	NA
Austria	AUT	"Adjusted net enrolment rate, lower secondary, both sexes (%)"	UIS.NERA.2	LOWER_SECONDARY	85.76
Austria	AUT	"Adjusted net enrolment rate, upper secondary, both sexes (%)"	UIS.NERA.3	UPPER_SECONDARY	NA
Azerbaijan	AZE	"Adjusted net enrolment rate, primary, both sexes (%)"	SE.PRM.TENR	PRIMARY	94.26
Azerbaijan	AZE	"Adjusted net enrolment rate, lower secondary, both sexes (%)"	UIS.NERA.2	LOWER_SECONDARY	81.83
Azerbaijan	AZE	"Adjusted net enrolment rate, upper secondary, both sexes (%)"	UIS.NERA.3	UPPER_SECONDARY	83.34
"Bahamas, The"	BHS	"Adjusted net enrolment rate, primary, both sexes (%)"	SE.PRM.TENR	PRIMARY	97.81
"Bahamas, The"	BHS	"Adjusted net enrolment rate, lower secondary, both sexes (%)"	UIS.NERA.2	LOWER_SECONDARY	73.14
"Bahamas, The"	BHS	"Adjusted net enrolment rate, upper secondary, both sexes (%)"	UIS.NERA.3	UPPER_SECONDARY	68.05
Bahrain	BHR	"Adjusted net enrolment rate, primary, both sexes (%)"	SE.PRM.TENR	PRIMARY	98.00
Bahrain	BHR	"Adjusted net enrolment rate, lower secondary, both sexes (%)"	UIS.NERA.2	LOWER_SECONDARY	85.94
Bahrain	BHR	"Adjusted net enrolment rate, upper secondary, both sexes (%)"	UIS.NERA.3	UPPER_SECONDARY	69.28
Bangladesh	BGD	"Adjusted net enrolment rate, primary, both sexes (%)"	SE.PRM.TENR	PRIMARY	94.93
Bangladesh	BGD	"Adjusted net enrolment rate, lower secondary, both sexes (%)"	UIS.NERA.2	LOWER_SECONDARY	68.39
Bangladesh	BGD	"Adjusted net enrolment rate, upper secondary, both sexes (%)"	UIS.NERA.3	UPPER_SECONDARY	36.96
Barbados	BRB	"Adjusted net enrolment rate, primary, both sexes (%)"	SE.PRM.TENR	PRIMARY	91.49
Barbados	BRB	"Adjusted net enrolment rate, lower secondary, both sexes (%)"	UIS.NERA.2	LOWER_SECONDARY	95.59
Barbados	BRB	"Adjusted net enrolment rate, upper secondary, both sexes (%)"	UIS.NERA.3	UPPER_SECONDARY	88.63
Belarus	BLR	"Adjusted net enrolment rate, primary, both sexes (%)"	SE.PRM.TENR	PRIMARY	95.65
Belarus	BLR	"Adjusted net enrolment rate, lower secondary, both sexes (%)"	UIS.NERA.2	LOWER_SECONDARY	95.58
Belarus	BLR	"Adjusted net enrolment rate, upper secondary, both sexes (%)"	UIS.NERA.3	UPPER_SECONDARY	88.01
Belgium	BEL	"Adjusted net enrolment rate, primary, both sexes (%)"	SE.PRM.TENR	PRIMARY	99.27
Belgium	BEL	"Adjusted net enrolment rate, lower secondary, both sexes (%)"	UIS.NERA.2	LOWER_SECONDARY	87.25
Belgium	BEL	"Adjusted net enrolment rate, upper secondary, both sexes (%)"	UIS.NERA.3	UPPER_SECONDARY	85.78
Belize	BLZ	"Adjusted net enrolment rate, primary, both sexes (%)"	SE.PRM.TENR	PRIMARY	99.22
Belize	BLZ	"Adjusted net enrolment rate, lower secondary, both sexes (%)"	UIS.NERA.2	LOWER_SECONDARY	75.75
Belize	BLZ	"Adjusted net enrolment rate, upper secondary, both sexes (%)"	UIS.NERA.3	UPPER_SECONDARY	33.23
Benin	BEN	"Adjusted net enrolment rate, primary, both sexes (%)"	SE.PRM.TENR	PRIMARY	95.87
Benin	BEN	"Adjusted net enrolment rate, lower secondary, both sexes (%)"	UIS.NERA.2	LOWER_SECONDARY	44.32
Benin	BEN	"Adjusted net enrolment rate, upper secondary, both sexes (%)"	UIS.NERA.3	UPPER_SECONDARY	16.84
Bermuda	BMU	"Adjusted net enrolment rate, primary, both sexes (%)"	SE.PRM.TENR	PRIMARY	83.46
Bermuda	BMU	"Adjusted net enrolment rate, lower secondary, both sexes (%)"	UIS.NERA.2	LOWER_SECONDARY	79.78
Bermuda	BMU	"Adjusted net enrolment rate, upper secondary, both sexes (%)"	UIS.NERA.3	UPPER_SECONDARY	68.16
Bhutan	BTN	"Adjusted net enrolment rate, primary, both sexes (%)"	SE.PRM.TENR	PRIMARY	88.98
Bhutan	BTN	"Adjusted net enrolment rate, lower secondary, both sexes (%)"	UIS.NERA.2	LOWER_SECONDARY	62.16
Bhutan	BTN	"Adjusted net enrolment rate, upper secondary, both sexes (%)"	UIS.NERA.3	UPPER_SECONDARY	18.80
Bolivia	BOL	"Adjusted net enrolment rate, primary, both sexes (%)"	SE.PRM.TENR	PRIMARY	89.89
Bolivia	BOL	"Adjusted net enrolment rate, lower secondary, both sexes (%)"	UIS.NERA.2	LOWER_SECONDARY	70.75
Bolivia	BOL	"Adjusted net enrolment rate, upper secondary, both sexes (%)"	UIS.NERA.3	UPPER_SECONDARY	63.36
Bosnia and Herzegovi	BIH	"Adjusted net enrolment rate, primary, both sexes (%)"	SE.PRM.TENR	PRIMARY	NA
Bosnia and Herzegovi	BIH	"Adjusted net enrolment rate, lower secondary, both sexes (%)"	UIS.NERA.2	LOWER_SECONDARY	NA
Bosnia and Herzegovi	BIH	"Adjusted net enrolment rate, upper secondary, both sexes (%)"	UIS.NERA.3	UPPER_SECONDARY	NA
Botswa	BWA	"Adjusted net enrolment rate, primary, both sexes (%)"	SE.PRM.TENR	PRIMARY	91.36
Botswa	BWA	"Adjusted net enrolment rate, lower secondary, both sexes (%)"	UIS.NERA.2	LOWER_SECONDARY	52.20
Botswa	BWA	"Adjusted net enrolment rate, upper secondary, both sexes (%)"	UIS.NERA.3	UPPER_SECONDARY	28.26
Brazil	BRA	"Adjusted net enrolment rate, primary, both sexes (%)"	SE.PRM.TENR	PRIMARY	94.77
Brazil	BRA	"Adjusted net enrolment rate, lower secondary, both sexes (%)"	UIS.NERA.2	LOWER_SECONDARY	82.62
Brazil	BRA	"Adjusted net enrolment rate, upper secondary, both sexes (%)"	UIS.NERA.3	UPPER_SECONDARY	58.31
British Virgin Islands	VGB	"Adjusted net enrolment rate, primary, both sexes (%)"	SE.PRM.TENR	PRIMARY	NA
British Virgin Islands	VGB	"Adjusted net enrolment rate, lower secondary, both sexes (%)"	UIS.NERA.2	LOWER_SECONDARY	NA
British Virgin Islands	VGB	"Adjusted net enrolment rate, upper secondary, both sexes (%)"	UIS.NERA.3	UPPER_SECONDARY	NA
Brunei Darussalam	BRN	"Adjusted net enrolment rate, primary, both sexes (%)"	SE.PRM.TENR	PRIMARY	NA
Brunei Darussalam	BRN	"Adjusted net enrolment rate, lower secondary, both sexes (%)"	UIS.NERA.2	LOWER_SECONDARY	89.05
Brunei Darussalam	BRN	"Adjusted net enrolment rate, upper secondary, both sexes (%)"	UIS.NERA.3	UPPER_SECONDARY	79.56
Bulgaria	BGR	"Adjusted net enrolment rate, primary, both sexes (%)"	SE.PRM.TENR	PRIMARY	94.94
Bulgaria	BGR	"Adjusted net enrolment rate, lower secondary, both sexes (%)"	UIS.NERA.2	LOWER_SECONDARY	96.27
Bulgaria	BGR	"Adjusted net enrolment rate, upper secondary, both sexes (%)"	UIS.NERA.3	UPPER_SECONDARY	78.31
Burkina Faso	BFA	"Adjusted net enrolment rate, primary, both sexes (%)"	SE.PRM.TENR	PRIMARY	69.66
Burkina Faso	BFA	"Adjusted net enrolment rate, lower secondary, both sexes (%)"	UIS.NERA.2	LOWER_SECONDARY	21.55
Burkina Faso	BFA	"Adjusted net enrolment rate, upper secondary, both sexes (%)"	UIS.NERA.3	UPPER_SECONDARY	3.93
Burundi	BDI	"Adjusted net enrolment rate, primary, both sexes (%)"	SE.PRM.TENR	PRIMARY	94.61
Burundi	BDI	"Adjusted net enrolment rate, lower secondary, both sexes (%)"	UIS.NERA.2	LOWER_SECONDARY	20.72
Burundi	BDI	"Adjusted net enrolment rate, upper secondary, both sexes (%)"	UIS.NERA.3	UPPER_SECONDARY	3.52
Cabo Verde	CPV	"Adjusted net enrolment rate, primary, both sexes (%)"	SE.PRM.TENR	PRIMARY	97.27
Cabo Verde	CPV	"Adjusted net enrolment rate, lower secondary, both sexes (%)"	UIS.NERA.2	LOWER_SECONDARY	68.36
Cabo Verde	CPV	"Adjusted net enrolment rate, upper secondary, both sexes (%)"	UIS.NERA.3	UPPER_SECONDARY	36.03
Cambodia	KHM	"Adjusted net enrolment rate, primary, both sexes (%)"	SE.PRM.TENR	PRIMARY	94.93
Cambodia	KHM	"Adjusted net enrolment rate, lower secondary, both sexes (%)"	UIS.NERA.2	LOWER_SECONDARY	43.90
Cambodia	KHM	"Adjusted net enrolment rate, upper secondary, both sexes (%)"	UIS.NERA.3	UPPER_SECONDARY	17.59
Cameroon	CMR	"Adjusted net enrolment rate, primary, both sexes (%)"	SE.PRM.TENR	PRIMARY	95.11
Cameroon	CMR	"Adjusted net enrolment rate, lower secondary, both sexes (%)"	UIS.NERA.2	LOWER_SECONDARY	43.23
Cameroon	CMR	"Adjusted net enrolment rate, upper secondary, both sexes (%)"	UIS.NERA.3	UPPER_SECONDARY	18.51
Canada	CAN	"Adjusted net enrolment rate, primary, both sexes (%)"	SE.PRM.TENR	PRIMARY	99.46
Canada	CAN	"Adjusted net enrolment rate, lower secondary, both sexes (%)"	UIS.NERA.2	LOWER_SECONDARY	94.12
Canada	CAN	"Adjusted net enrolment rate, upper secondary, both sexes (%)"	UIS.NERA.3	UPPER_SECONDARY	84.53
Cayman Islands	CYM	"Adjusted net enrolment rate, primary, both sexes (%)"	SE.PRM.TENR	PRIMARY	NA
Cayman Islands	CYM	"Adjusted net enrolment rate, lower secondary, both sexes (%)"	UIS.NERA.2	LOWER_SECONDARY	NA
Cayman Islands	CYM	"Adjusted net enrolment rate, upper secondary, both sexes (%)"	UIS.NERA.3	UPPER_SECONDARY	NA
Central African Republic	CAF	"Adjusted net enrolment rate, primary, both sexes (%)"	SE.PRM.TENR	PRIMARY	70.84
Central African Republic	CAF	"Adjusted net enrolment rate, lower secondary, both sexes (%)"	UIS.NERA.2	LOWER_SECONDARY	12.28
Central African Republic	CAF	"Adjusted net enrolment rate, upper secondary, both sexes (%)"	UIS.NERA.3	UPPER_SECONDARY	3.78
Chad	TCD	"Adjusted net enrolment rate, primary, both sexes (%)"	SE.PRM.TENR	PRIMARY	79.12
Chad	TCD	"Adjusted net enrolment rate, lower secondary, both sexes (%)"	UIS.NERA.2	LOWER_SECONDARY	9.09
Chad	TCD	"Adjusted net enrolment rate, upper secondary, both sexes (%)"	UIS.NERA.3	UPPER_SECONDARY	1.73
Channel Islands	CHI	"Adjusted net enrolment rate, primary, both sexes (%)"	SE.PRM.TENR	PRIMARY	NA
Channel Islands	CHI	"Adjusted net enrolment rate, lower secondary, both sexes (%)"	UIS.NERA.2	LOWER_SECONDARY	NA
Channel Islands	CHI	"Adjusted net enrolment rate, upper secondary, both sexes (%)"	UIS.NERA.3	UPPER_SECONDARY	NA
Chile	CHL	"Adjusted net enrolment rate, primary, both sexes (%)"	SE.PRM.TENR	PRIMARY	94.36
Chile	CHL	"Adjusted net enrolment rate, lower secondary, both sexes (%)"	UIS.NERA.2	LOWER_SECONDARY	79.68
Chile	CHL	"Adjusted net enrolment rate, upper secondary, both sexes (%)"	UIS.NERA.3	UPPER_SECONDARY	82.27
Chi	CHN	"Adjusted net enrolment rate, primary, both sexes (%)"	SE.PRM.TENR	PRIMARY	NA
Chi	CHN	"Adjusted net enrolment rate, lower secondary, both sexes (%)"	UIS.NERA.2	LOWER_SECONDARY	NA
Chi	CHN	"Adjusted net enrolment rate, upper secondary, both sexes (%)"	UIS.NERA.3	UPPER_SECONDARY	NA
Colombia	COL	"Adjusted net enrolment rate, primary, both sexes (%)"	SE.PRM.TENR	PRIMARY	93.17
Colombia	COL	"Adjusted net enrolment rate, lower secondary, both sexes (%)"	UIS.NERA.2	LOWER_SECONDARY	78.93
Colombia	COL	"Adjusted net enrolment rate, upper secondary, both sexes (%)"	UIS.NERA.3	UPPER_SECONDARY	44.06
Comoros	COM	"Adjusted net enrolment rate, primary, both sexes (%)"	SE.PRM.TENR	PRIMARY	81.30
Comoros	COM	"Adjusted net enrolment rate, lower secondary, both sexes (%)"	UIS.NERA.2	LOWER_SECONDARY	43.86
Comoros	COM	"Adjusted net enrolment rate, upper secondary, both sexes (%)"	UIS.NERA.3	UPPER_SECONDARY	19.59
"Congo, Dem. Rep."	COD	"Adjusted net enrolment rate, primary, both sexes (%)"	SE.PRM.TENR	PRIMARY	35.37
"Congo, Dem. Rep."	COD	"Adjusted net enrolment rate, lower secondary, both sexes (%)"	UIS.NERA.2	LOWER_SECONDARY	8.36
"Congo, Dem. Rep."	COD	"Adjusted net enrolment rate, upper secondary, both sexes (%)"	UIS.NERA.3	UPPER_SECONDARY	NA
"Congo, Rep."	COG	"Adjusted net enrolment rate, primary, both sexes (%)"	SE.PRM.TENR	PRIMARY	92.85
"Congo, Rep."	COG	"Adjusted net enrolment rate, lower secondary, both sexes (%)"	UIS.NERA.2	LOWER_SECONDARY	30.73
"Congo, Rep."	COG	"Adjusted net enrolment rate, upper secondary, both sexes (%)"	UIS.NERA.3	UPPER_SECONDARY	NA
Costa Rica	CRI	"Adjusted net enrolment rate, primary, both sexes (%)"	SE.PRM.TENR	PRIMARY	96.62
Costa Rica	CRI	"Adjusted net enrolment rate, lower secondary, both sexes (%)"	UIS.NERA.2	LOWER_SECONDARY	75.79
Costa Rica	CRI	"Adjusted net enrolment rate, upper secondary, both sexes (%)"	UIS.NERA.3	UPPER_SECONDARY	41.32
Cote d'Ivoire	CIV	"Adjusted net enrolment rate, primary, both sexes (%)"	SE.PRM.TENR	PRIMARY	79.25
Cote d'Ivoire	CIV	"Adjusted net enrolment rate, lower secondary, both sexes (%)"	UIS.NERA.2	LOWER_SECONDARY	NA
Cote d'Ivoire	CIV	"Adjusted net enrolment rate, upper secondary, both sexes (%)"	UIS.NERA.3	UPPER_SECONDARY	NA
Croatia	HRV	"Adjusted net enrolment rate, primary, both sexes (%)"	SE.PRM.TENR	PRIMARY	98.37
Croatia	HRV	"Adjusted net enrolment rate, lower secondary, both sexes (%)"	UIS.NERA.2	LOWER_SECONDARY	97.24
Croatia	HRV	"Adjusted net enrolment rate, upper secondary, both sexes (%)"	UIS.NERA.3	UPPER_SECONDARY	90.12
Cuba	CUB	"Adjusted net enrolment rate, primary, both sexes (%)"	SE.PRM.TENR	PRIMARY	92.25
Cuba	CUB	"Adjusted net enrolment rate, lower secondary, both sexes (%)"	UIS.NERA.2	LOWER_SECONDARY	97.14
Cuba	CUB	"Adjusted net enrolment rate, upper secondary, both sexes (%)"	UIS.NERA.3	UPPER_SECONDARY	77.92
Curacao	CUW	"Adjusted net enrolment rate, primary, both sexes (%)"	SE.PRM.TENR	PRIMARY	NA
Curacao	CUW	"Adjusted net enrolment rate, lower secondary, both sexes (%)"	UIS.NERA.2	LOWER_SECONDARY	NA
Curacao	CUW	"Adjusted net enrolment rate, upper secondary, both sexes (%)"	UIS.NERA.3	UPPER_SECONDARY	NA
Cyprus	CYP	"Adjusted net enrolment rate, primary, both sexes (%)"	SE.PRM.TENR	PRIMARY	97.83
Cyprus	CYP	"Adjusted net enrolment rate, lower secondary, both sexes (%)"	UIS.NERA.2	LOWER_SECONDARY	96.38
Cyprus	CYP	"Adjusted net enrolment rate, upper secondary, both sexes (%)"	UIS.NERA.3	UPPER_SECONDARY	89.90
Czech Republic	CZE	"Adjusted net enrolment rate, primary, both sexes (%)"	SE.PRM.TENR	PRIMARY	NA
Czech Republic	CZE	"Adjusted net enrolment rate, lower secondary, both sexes (%)"	UIS.NERA.2	LOWER_SECONDARY	NA
Czech Republic	CZE	"Adjusted net enrolment rate, upper secondary, both sexes (%)"	UIS.NERA.3	UPPER_SECONDARY	NA
Denmark	DNK	"Adjusted net enrolment rate, primary, both sexes (%)"	SE.PRM.TENR	PRIMARY	98.67
Denmark	DNK	"Adjusted net enrolment rate, lower secondary, both sexes (%)"	UIS.NERA.2	LOWER_SECONDARY	91.03
Denmark	DNK	"Adjusted net enrolment rate, upper secondary, both sexes (%)"	UIS.NERA.3	UPPER_SECONDARY	65.09
Djibouti	DJI	"Adjusted net enrolment rate, primary, both sexes (%)"	SE.PRM.TENR	PRIMARY	57.37
Djibouti	DJI	"Adjusted net enrolment rate, lower secondary, both sexes (%)"	UIS.NERA.2	LOWER_SECONDARY	30.65
Djibouti	DJI	"Adjusted net enrolment rate, upper secondary, both sexes (%)"	UIS.NERA.3	UPPER_SECONDARY	7.51
Dominica	DMA	"Adjusted net enrolment rate, primary, both sexes (%)"	SE.PRM.TENR	PRIMARY	97.18
Dominica	DMA	"Adjusted net enrolment rate, lower secondary, both sexes (%)"	UIS.NERA.2	LOWER_SECONDARY	80.92
Dominica	DMA	"Adjusted net enrolment rate, upper secondary, both sexes (%)"	UIS.NERA.3	UPPER_SECONDARY	54.47
Dominican Republic	DOM	"Adjusted net enrolment rate, primary, both sexes (%)"	SE.PRM.TENR	PRIMARY	88.75
Dominican Republic	DOM	"Adjusted net enrolment rate, lower secondary, both sexes (%)"	UIS.NERA.2	LOWER_SECONDARY	59.61
Dominican Republic	DOM	"Adjusted net enrolment rate, upper secondary, both sexes (%)"	UIS.NERA.3	UPPER_SECONDARY	54.37
Ecuador	ECU	"Adjusted net enrolment rate, primary, both sexes (%)"	SE.PRM.TENR	PRIMARY	98.19
Ecuador	ECU	"Adjusted net enrolment rate, lower secondary, both sexes (%)"	UIS.NERA.2	LOWER_SECONDARY	80.78
Ecuador	ECU	"Adjusted net enrolment rate, upper secondary, both sexes (%)"	UIS.NERA.3	UPPER_SECONDARY	62.18
"Egypt, Arab Rep."	EGY	"Adjusted net enrolment rate, primary, both sexes (%)"	SE.PRM.TENR	PRIMARY	98.94
"Egypt, Arab Rep."	EGY	"Adjusted net enrolment rate, lower secondary, both sexes (%)"	UIS.NERA.2	LOWER_SECONDARY	86.61
"Egypt, Arab Rep."	EGY	"Adjusted net enrolment rate, upper secondary, both sexes (%)"	UIS.NERA.3	UPPER_SECONDARY	64.84
El Salvador	SLV	"Adjusted net enrolment rate, primary, both sexes (%)"	SE.PRM.TENR	PRIMARY	92.12
El Salvador	SLV	"Adjusted net enrolment rate, lower secondary, both sexes (%)"	UIS.NERA.2	LOWER_SECONDARY	71.93
El Salvador	SLV	"Adjusted net enrolment rate, upper secondary, both sexes (%)"	UIS.NERA.3	UPPER_SECONDARY	46.52
Equatorial Guinea	GNQ	"Adjusted net enrolment rate, primary, both sexes (%)"	SE.PRM.TENR	PRIMARY	56.80
Equatorial Guinea	GNQ	"Adjusted net enrolment rate, lower secondary, both sexes (%)"	UIS.NERA.2	LOWER_SECONDARY	17.42
Equatorial Guinea	GNQ	"Adjusted net enrolment rate, upper secondary, both sexes (%)"	UIS.NERA.3	UPPER_SECONDARY	NA
Eritrea	ERI	"Adjusted net enrolment rate, primary, both sexes (%)"	SE.PRM.TENR	PRIMARY	39.14
Eritrea	ERI	"Adjusted net enrolment rate, lower secondary, both sexes (%)"	UIS.NERA.2	LOWER_SECONDARY	19.27
Eritrea	ERI	"Adjusted net enrolment rate, upper secondary, both sexes (%)"	UIS.NERA.3	UPPER_SECONDARY	15.76
Estonia	EST	"Adjusted net enrolment rate, primary, both sexes (%)"	SE.PRM.TENR	PRIMARY	94.94
Estonia	EST	"Adjusted net enrolment rate, lower secondary, both sexes (%)"	UIS.NERA.2	LOWER_SECONDARY	97.46
Estonia	EST	"Adjusted net enrolment rate, upper secondary, both sexes (%)"	UIS.NERA.3	UPPER_SECONDARY	82.64
Ethiopia	ETH	"Adjusted net enrolment rate, primary, both sexes (%)"	SE.PRM.TENR	PRIMARY	86.17
Ethiopia	ETH	"Adjusted net enrolment rate, lower secondary, both sexes (%)"	UIS.NERA.2	LOWER_SECONDARY	36.11
Ethiopia	ETH	"Adjusted net enrolment rate, upper secondary, both sexes (%)"	UIS.NERA.3	UPPER_SECONDARY	4.37
Faroe Islands	FRO	"Adjusted net enrolment rate, primary, both sexes (%)"	SE.PRM.TENR	PRIMARY	NA
Faroe Islands	FRO	"Adjusted net enrolment rate, lower secondary, both sexes (%)"	UIS.NERA.2	LOWER_SECONDARY	NA
Faroe Islands	FRO	"Adjusted net enrolment rate, upper secondary, both sexes (%)"	UIS.NERA.3	UPPER_SECONDARY	NA
Fiji	FJI	"Adjusted net enrolment rate, primary, both sexes (%)"	SE.PRM.TENR	PRIMARY	98.03
Fiji	FJI	"Adjusted net enrolment rate, lower secondary, both sexes (%)"	UIS.NERA.2	LOWER_SECONDARY	88.25
Fiji	FJI	"Adjusted net enrolment rate, upper secondary, both sexes (%)"	UIS.NERA.3	UPPER_SECONDARY	62.77
Finland	FIN	"Adjusted net enrolment rate, primary, both sexes (%)"	SE.PRM.TENR	PRIMARY	99.64
Finland	FIN	"Adjusted net enrolment rate, lower secondary, both sexes (%)"	UIS.NERA.2	LOWER_SECONDARY	96.23
Finland	FIN	"Adjusted net enrolment rate, upper secondary, both sexes (%)"	UIS.NERA.3	UPPER_SECONDARY	88.78
France	FRA	"Adjusted net enrolment rate, primary, both sexes (%)"	SE.PRM.TENR	PRIMARY	99.44
France	FRA	"Adjusted net enrolment rate, lower secondary, both sexes (%)"	UIS.NERA.2	LOWER_SECONDARY	96.06
France	FRA	"Adjusted net enrolment rate, upper secondary, both sexes (%)"	UIS.NERA.3	UPPER_SECONDARY	88.87
French Polynesia	PYF	"Adjusted net enrolment rate, primary, both sexes (%)"	SE.PRM.TENR	PRIMARY	NA
French Polynesia	PYF	"Adjusted net enrolment rate, lower secondary, both sexes (%)"	UIS.NERA.2	LOWER_SECONDARY	NA
French Polynesia	PYF	"Adjusted net enrolment rate, upper secondary, both sexes (%)"	UIS.NERA.3	UPPER_SECONDARY	NA
Gabon	GAB	"Adjusted net enrolment rate, primary, both sexes (%)"	SE.PRM.TENR	PRIMARY	NA
Gabon	GAB	"Adjusted net enrolment rate, lower secondary, both sexes (%)"	UIS.NERA.2	LOWER_SECONDARY	NA
Gabon	GAB	"Adjusted net enrolment rate, upper secondary, both sexes (%)"	UIS.NERA.3	UPPER_SECONDARY	NA
"Gambia, The"	GMB	"Adjusted net enrolment rate, primary, both sexes (%)"	SE.PRM.TENR	PRIMARY	75.97
"Gambia, The"	GMB	"Adjusted net enrolment rate, lower secondary, both sexes (%)"	UIS.NERA.2	LOWER_SECONDARY	50.85
"Gambia, The"	GMB	"Adjusted net enrolment rate, upper secondary, both sexes (%)"	UIS.NERA.3	UPPER_SECONDARY	NA
Georgia	GEO	"Adjusted net enrolment rate, primary, both sexes (%)"	SE.PRM.TENR	PRIMARY	99.36
Georgia	GEO	"Adjusted net enrolment rate, lower secondary, both sexes (%)"	UIS.NERA.2	LOWER_SECONDARY	92.80
Georgia	GEO	"Adjusted net enrolment rate, upper secondary, both sexes (%)"	UIS.NERA.3	UPPER_SECONDARY	78.70
Germany	DEU	"Adjusted net enrolment rate, primary, both sexes (%)"	SE.PRM.TENR	PRIMARY	99.80
Germany	DEU	"Adjusted net enrolment rate, lower secondary, both sexes (%)"	UIS.NERA.2	LOWER_SECONDARY	NA
Germany	DEU	"Adjusted net enrolment rate, upper secondary, both sexes (%)"	UIS.NERA.3	UPPER_SECONDARY	NA
Ghana	GHA	"Adjusted net enrolment rate, primary, both sexes (%)"	SE.PRM.TENR	PRIMARY	87.95
Ghana	GHA	"Adjusted net enrolment rate, lower secondary, both sexes (%)"	UIS.NERA.2	LOWER_SECONDARY	54.59
Ghana	GHA	"Adjusted net enrolment rate, upper secondary, both sexes (%)"	UIS.NERA.3	UPPER_SECONDARY	24.99
Gibraltar	GIB	"Adjusted net enrolment rate, primary, both sexes (%)"	SE.PRM.TENR	PRIMARY	NA
Gibraltar	GIB	"Adjusted net enrolment rate, lower secondary, both sexes (%)"	UIS.NERA.2	LOWER_SECONDARY	NA
Gibraltar	GIB	"Adjusted net enrolment rate, upper secondary, both sexes (%)"	UIS.NERA.3	UPPER_SECONDARY	NA
Greece	GRC	"Adjusted net enrolment rate, primary, both sexes (%)"	SE.PRM.TENR	PRIMARY	96.28
Greece	GRC	"Adjusted net enrolment rate, lower secondary, both sexes (%)"	UIS.NERA.2	LOWER_SECONDARY	96.34
Greece	GRC	"Adjusted net enrolment rate, upper secondary, both sexes (%)"	UIS.NERA.3	UPPER_SECONDARY	89.53
Greenland	GRL	"Adjusted net enrolment rate, primary, both sexes (%)"	SE.PRM.TENR	PRIMARY	NA
Greenland	GRL	"Adjusted net enrolment rate, lower secondary, both sexes (%)"	UIS.NERA.2	LOWER_SECONDARY	NA
Greenland	GRL	"Adjusted net enrolment rate, upper secondary, both sexes (%)"	UIS.NERA.3	UPPER_SECONDARY	NA
Grenada	GRD	"Adjusted net enrolment rate, primary, both sexes (%)"	SE.PRM.TENR	PRIMARY	97.76
Grenada	GRD	"Adjusted net enrolment rate, lower secondary, both sexes (%)"	UIS.NERA.2	LOWER_SECONDARY	86.03
Grenada	GRD	"Adjusted net enrolment rate, upper secondary, both sexes (%)"	UIS.NERA.3	UPPER_SECONDARY	57.21
Guam	GUM	"Adjusted net enrolment rate, primary, both sexes (%)"	SE.PRM.TENR	PRIMARY	NA
Guam	GUM	"Adjusted net enrolment rate, lower secondary, both sexes (%)"	UIS.NERA.2	LOWER_SECONDARY	NA
Guam	GUM	"Adjusted net enrolment rate, upper secondary, both sexes (%)"	UIS.NERA.3	UPPER_SECONDARY	NA
Guatemala	GTM	"Adjusted net enrolment rate, primary, both sexes (%)"	SE.PRM.TENR	PRIMARY	88.05
Guatemala	GTM	"Adjusted net enrolment rate, lower secondary, both sexes (%)"	UIS.NERA.2	LOWER_SECONDARY	48.28
Guatemala	GTM	"Adjusted net enrolment rate, upper secondary, both sexes (%)"	UIS.NERA.3	UPPER_SECONDARY	25.21
Guinea	GIN	"Adjusted net enrolment rate, primary, both sexes (%)"	SE.PRM.TENR	PRIMARY	78.02
Guinea	GIN	"Adjusted net enrolment rate, lower secondary, both sexes (%)"	UIS.NERA.2	LOWER_SECONDARY	32.69
Guinea	GIN	"Adjusted net enrolment rate, upper secondary, both sexes (%)"	UIS.NERA.3	UPPER_SECONDARY	17.57
Guinea-Bissau	GNB	"Adjusted net enrolment rate, primary, both sexes (%)"	SE.PRM.TENR	PRIMARY	69.23
Guinea-Bissau	GNB	"Adjusted net enrolment rate, lower secondary, both sexes (%)"	UIS.NERA.2	LOWER_SECONDARY	5.79
Guinea-Bissau	GNB	"Adjusted net enrolment rate, upper secondary, both sexes (%)"	UIS.NERA.3	UPPER_SECONDARY	1.07
Guya	GUY	"Adjusted net enrolment rate, primary, both sexes (%)"	SE.PRM.TENR	PRIMARY	85.03
Guya	GUY	"Adjusted net enrolment rate, lower secondary, both sexes (%)"	UIS.NERA.2	LOWER_SECONDARY	86.61
Guya	GUY	"Adjusted net enrolment rate, upper secondary, both sexes (%)"	UIS.NERA.3	UPPER_SECONDARY	56.02
Haiti	HTI	"Adjusted net enrolment rate, primary, both sexes (%)"	SE.PRM.TENR	PRIMARY	NA
Haiti	HTI	"Adjusted net enrolment rate, lower secondary, both sexes (%)"	UIS.NERA.2	LOWER_SECONDARY	NA
Haiti	HTI	"Adjusted net enrolment rate, upper secondary, both sexes (%)"	UIS.NERA.3	UPPER_SECONDARY	NA
Honduras	HND	"Adjusted net enrolment rate, primary, both sexes (%)"	SE.PRM.TENR	PRIMARY	93.59
Honduras	HND	"Adjusted net enrolment rate, lower secondary, both sexes (%)"	UIS.NERA.2	LOWER_SECONDARY	48.43
Honduras	HND	"Adjusted net enrolment rate, upper secondary, both sexes (%)"	UIS.NERA.3	UPPER_SECONDARY	25.03
"Hong Kong SAR, Chi"	HKG	"Adjusted net enrolment rate, primary, both sexes (%)"	SE.PRM.TENR	PRIMARY	NA
"Hong Kong SAR, Chi"	HKG	"Adjusted net enrolment rate, lower secondary, both sexes (%)"	UIS.NERA.2	LOWER_SECONDARY	92.72
"Hong Kong SAR, Chi"	HKG	"Adjusted net enrolment rate, upper secondary, both sexes (%)"	UIS.NERA.3	UPPER_SECONDARY	80.68
Hungary	HUN	"Adjusted net enrolment rate, primary, both sexes (%)"	SE.PRM.TENR	PRIMARY	95.71
Hungary	HUN	"Adjusted net enrolment rate, lower secondary, both sexes (%)"	UIS.NERA.2	LOWER_SECONDARY	95.54
Hungary	HUN	"Adjusted net enrolment rate, upper secondary, both sexes (%)"	UIS.NERA.3	UPPER_SECONDARY	87.75
Iceland	ISL	"Adjusted net enrolment rate, primary, both sexes (%)"	SE.PRM.TENR	PRIMARY	99.12
Iceland	ISL	"Adjusted net enrolment rate, lower secondary, both sexes (%)"	UIS.NERA.2	LOWER_SECONDARY	97.53
Iceland	ISL	"Adjusted net enrolment rate, upper secondary, both sexes (%)"	UIS.NERA.3	UPPER_SECONDARY	NA
India	IND	"Adjusted net enrolment rate, primary, both sexes (%)"	SE.PRM.TENR	PRIMARY	97.74
India	IND	"Adjusted net enrolment rate, lower secondary, both sexes (%)"	UIS.NERA.2	LOWER_SECONDARY	74.61
India	IND	"Adjusted net enrolment rate, upper secondary, both sexes (%)"	UIS.NERA.3	UPPER_SECONDARY	44.60
Indonesia	IDN	"Adjusted net enrolment rate, primary, both sexes (%)"	SE.PRM.TENR	PRIMARY	90.57
Indonesia	IDN	"Adjusted net enrolment rate, lower secondary, both sexes (%)"	UIS.NERA.2	LOWER_SECONDARY	80.03
Indonesia	IDN	"Adjusted net enrolment rate, upper secondary, both sexes (%)"	UIS.NERA.3	UPPER_SECONDARY	58.64
"Iran, Islamic Rep."	IRN	"Adjusted net enrolment rate, primary, both sexes (%)"	SE.PRM.TENR	PRIMARY	99.25
"Iran, Islamic Rep."	IRN	"Adjusted net enrolment rate, lower secondary, both sexes (%)"	UIS.NERA.2	LOWER_SECONDARY	91.36
"Iran, Islamic Rep."	IRN	"Adjusted net enrolment rate, upper secondary, both sexes (%)"	UIS.NERA.3	UPPER_SECONDARY	72.89
Iraq	IRQ	"Adjusted net enrolment rate, primary, both sexes (%)"	SE.PRM.TENR	PRIMARY	92.31
Iraq	IRQ	"Adjusted net enrolment rate, lower secondary, both sexes (%)"	UIS.NERA.2	LOWER_SECONDARY	41.08
Iraq	IRQ	"Adjusted net enrolment rate, upper secondary, both sexes (%)"	UIS.NERA.3	UPPER_SECONDARY	19.88
Ireland	IRL	"Adjusted net enrolment rate, primary, both sexes (%)"	SE.PRM.TENR	PRIMARY	99.20
Ireland	IRL	"Adjusted net enrolment rate, lower secondary, both sexes (%)"	UIS.NERA.2	LOWER_SECONDARY	98.23
Ireland	IRL	"Adjusted net enrolment rate, upper secondary, both sexes (%)"	UIS.NERA.3	UPPER_SECONDARY	NA
Isle of Man	IMN	"Adjusted net enrolment rate, primary, both sexes (%)"	SE.PRM.TENR	PRIMARY	NA
Isle of Man	IMN	"Adjusted net enrolment rate, lower secondary, both sexes (%)"	UIS.NERA.2	LOWER_SECONDARY	NA
Isle of Man	IMN	"Adjusted net enrolment rate, upper secondary, both sexes (%)"	UIS.NERA.3	UPPER_SECONDARY	NA
Israel	ISR	"Adjusted net enrolment rate, primary, both sexes (%)"	SE.PRM.TENR	PRIMARY	97.56
Israel	ISR	"Adjusted net enrolment rate, lower secondary, both sexes (%)"	UIS.NERA.2	LOWER_SECONDARY	93.91
Israel	ISR	"Adjusted net enrolment rate, upper secondary, both sexes (%)"	UIS.NERA.3	UPPER_SECONDARY	92.19
Italy	ITA	"Adjusted net enrolment rate, primary, both sexes (%)"	SE.PRM.TENR	PRIMARY	98.90
Italy	ITA	"Adjusted net enrolment rate, lower secondary, both sexes (%)"	UIS.NERA.2	LOWER_SECONDARY	97.85
Italy	ITA	"Adjusted net enrolment rate, upper secondary, both sexes (%)"	UIS.NERA.3	UPPER_SECONDARY	88.78
Jamaica	JAM	"Adjusted net enrolment rate, primary, both sexes (%)"	SE.PRM.TENR	PRIMARY	93.22
Jamaica	JAM	"Adjusted net enrolment rate, lower secondary, both sexes (%)"	UIS.NERA.2	LOWER_SECONDARY	73.08
Jamaica	JAM	"Adjusted net enrolment rate, upper secondary, both sexes (%)"	UIS.NERA.3	UPPER_SECONDARY	52.08
Japan	JPN	"Adjusted net enrolment rate, primary, both sexes (%)"	SE.PRM.TENR	PRIMARY	99.95
Japan	JPN	"Adjusted net enrolment rate, lower secondary, both sexes (%)"	UIS.NERA.2	LOWER_SECONDARY	99.95
Japan	JPN	"Adjusted net enrolment rate, upper secondary, both sexes (%)"	UIS.NERA.3	UPPER_SECONDARY	97.07
Jordan	JOR	"Adjusted net enrolment rate, primary, both sexes (%)"	SE.PRM.TENR	PRIMARY	89.32
Jordan	JOR	"Adjusted net enrolment rate, lower secondary, both sexes (%)"	UIS.NERA.2	LOWER_SECONDARY	88.52
Jordan	JOR	"Adjusted net enrolment rate, upper secondary, both sexes (%)"	UIS.NERA.3	UPPER_SECONDARY	NA
Kazakhstan	KAZ	"Adjusted net enrolment rate, primary, both sexes (%)"	SE.PRM.TENR	PRIMARY	99.74
Kazakhstan	KAZ	"Adjusted net enrolment rate, lower secondary, both sexes (%)"	UIS.NERA.2	LOWER_SECONDARY	98.36
Kazakhstan	KAZ	"Adjusted net enrolment rate, upper secondary, both sexes (%)"	UIS.NERA.3	UPPER_SECONDARY	92.72
Kenya	KEN	"Adjusted net enrolment rate, primary, both sexes (%)"	SE.PRM.TENR	PRIMARY	86.21
Kenya	KEN	"Adjusted net enrolment rate, lower secondary, both sexes (%)"	UIS.NERA.2	LOWER_SECONDARY	34.20
Kenya	KEN	"Adjusted net enrolment rate, upper secondary, both sexes (%)"	UIS.NERA.3	UPPER_SECONDARY	30.02
Kiribati	KIR	"Adjusted net enrolment rate, primary, both sexes (%)"	SE.PRM.TENR	PRIMARY	96.88
Kiribati	KIR	"Adjusted net enrolment rate, lower secondary, both sexes (%)"	UIS.NERA.2	LOWER_SECONDARY	88.67
Kiribati	KIR	"Adjusted net enrolment rate, upper secondary, both sexes (%)"	UIS.NERA.3	UPPER_SECONDARY	NA
"Korea, Dem. People’s Rep."	PRK	"Adjusted net enrolment rate, primary, both sexes (%)"	SE.PRM.TENR	PRIMARY	96.45
"Korea, Dem. People’s Rep."	PRK	"Adjusted net enrolment rate, lower secondary, both sexes (%)"	UIS.NERA.2	LOWER_SECONDARY	96.66
"Korea, Dem. People’s Rep."	PRK	"Adjusted net enrolment rate, upper secondary, both sexes (%)"	UIS.NERA.3	UPPER_SECONDARY	98.44
"Korea, Rep."	KOR	"Adjusted net enrolment rate, primary, both sexes (%)"	SE.PRM.TENR	PRIMARY	98.76
"Korea, Rep."	KOR	"Adjusted net enrolment rate, lower secondary, both sexes (%)"	UIS.NERA.2	LOWER_SECONDARY	95.44
"Korea, Rep."	KOR	"Adjusted net enrolment rate, upper secondary, both sexes (%)"	UIS.NERA.3	UPPER_SECONDARY	91.11
Kosovo	XKX	"Adjusted net enrolment rate, primary, both sexes (%)"	SE.PRM.TENR	PRIMARY	NA
Kosovo	XKX	"Adjusted net enrolment rate, lower secondary, both sexes (%)"	UIS.NERA.2	LOWER_SECONDARY	NA
Kosovo	XKX	"Adjusted net enrolment rate, upper secondary, both sexes (%)"	UIS.NERA.3	UPPER_SECONDARY	NA
Kuwait	KWT	"Adjusted net enrolment rate, primary, both sexes (%)"	SE.PRM.TENR	PRIMARY	98.70
Kuwait	KWT	"Adjusted net enrolment rate, lower secondary, both sexes (%)"	UIS.NERA.2	LOWER_SECONDARY	90.95
Kuwait	KWT	"Adjusted net enrolment rate, upper secondary, both sexes (%)"	UIS.NERA.3	UPPER_SECONDARY	65.48
Kyrgyz Republic	KGZ	"Adjusted net enrolment rate, primary, both sexes (%)"	SE.PRM.TENR	PRIMARY	97.93
Kyrgyz Republic	KGZ	"Adjusted net enrolment rate, lower secondary, both sexes (%)"	UIS.NERA.2	LOWER_SECONDARY	90.26
Kyrgyz Republic	KGZ	"Adjusted net enrolment rate, upper secondary, both sexes (%)"	UIS.NERA.3	UPPER_SECONDARY	52.63
Lao PDR	LAO	"Adjusted net enrolment rate, primary, both sexes (%)"	SE.PRM.TENR	PRIMARY	92.71
Lao PDR	LAO	"Adjusted net enrolment rate, lower secondary, both sexes (%)"	UIS.NERA.2	LOWER_SECONDARY	53.12
Lao PDR	LAO	"Adjusted net enrolment rate, upper secondary, both sexes (%)"	UIS.NERA.3	UPPER_SECONDARY	25.74
Latvia	LVA	"Adjusted net enrolment rate, primary, both sexes (%)"	SE.PRM.TENR	PRIMARY	96.75
Latvia	LVA	"Adjusted net enrolment rate, lower secondary, both sexes (%)"	UIS.NERA.2	LOWER_SECONDARY	92.74
Latvia	LVA	"Adjusted net enrolment rate, upper secondary, both sexes (%)"	UIS.NERA.3	UPPER_SECONDARY	80.45
Lebanon	LBN	"Adjusted net enrolment rate, primary, both sexes (%)"	SE.PRM.TENR	PRIMARY	83.52
Lebanon	LBN	"Adjusted net enrolment rate, lower secondary, both sexes (%)"	UIS.NERA.2	LOWER_SECONDARY	64.20
Lebanon	LBN	"Adjusted net enrolment rate, upper secondary, both sexes (%)"	UIS.NERA.3	UPPER_SECONDARY	57.31
Lesotho	LSO	"Adjusted net enrolment rate, primary, both sexes (%)"	SE.PRM.TENR	PRIMARY	80.73
Lesotho	LSO	"Adjusted net enrolment rate, lower secondary, both sexes (%)"	UIS.NERA.2	LOWER_SECONDARY	28.94
Lesotho	LSO	"Adjusted net enrolment rate, upper secondary, both sexes (%)"	UIS.NERA.3	UPPER_SECONDARY	11.64
Liberia	LBR	"Adjusted net enrolment rate, primary, both sexes (%)"	SE.PRM.TENR	PRIMARY	37.61
Liberia	LBR	"Adjusted net enrolment rate, lower secondary, both sexes (%)"	UIS.NERA.2	LOWER_SECONDARY	NA
Liberia	LBR	"Adjusted net enrolment rate, upper secondary, both sexes (%)"	UIS.NERA.3	UPPER_SECONDARY	7.57
Libya	LBY	"Adjusted net enrolment rate, primary, both sexes (%)"	SE.PRM.TENR	PRIMARY	NA
Libya	LBY	"Adjusted net enrolment rate, lower secondary, both sexes (%)"	UIS.NERA.2	LOWER_SECONDARY	61.04
Libya	LBY	"Adjusted net enrolment rate, upper secondary, both sexes (%)"	UIS.NERA.3	UPPER_SECONDARY	NA
Liechtenstein	LIE	"Adjusted net enrolment rate, primary, both sexes (%)"	SE.PRM.TENR	PRIMARY	99.81
Liechtenstein	LIE	"Adjusted net enrolment rate, lower secondary, both sexes (%)"	UIS.NERA.2	LOWER_SECONDARY	94.45
Liechtenstein	LIE	"Adjusted net enrolment rate, upper secondary, both sexes (%)"	UIS.NERA.3	UPPER_SECONDARY	83.61
Lithuania	LTU	"Adjusted net enrolment rate, primary, both sexes (%)"	SE.PRM.TENR	PRIMARY	99.39
Lithuania	LTU	"Adjusted net enrolment rate, lower secondary, both sexes (%)"	UIS.NERA.2	LOWER_SECONDARY	99.41
Lithuania	LTU	"Adjusted net enrolment rate, upper secondary, both sexes (%)"	UIS.NERA.3	UPPER_SECONDARY	84.64
Luxembourg	LUX	"Adjusted net enrolment rate, primary, both sexes (%)"	SE.PRM.TENR	PRIMARY	95.98
Luxembourg	LUX	"Adjusted net enrolment rate, lower secondary, both sexes (%)"	UIS.NERA.2	LOWER_SECONDARY	88.52
Luxembourg	LUX	"Adjusted net enrolment rate, upper secondary, both sexes (%)"	UIS.NERA.3	UPPER_SECONDARY	66.78
"Macao SAR, Chi"	MAC	"Adjusted net enrolment rate, primary, both sexes (%)"	SE.PRM.TENR	PRIMARY	95.21
"Macao SAR, Chi"	MAC	"Adjusted net enrolment rate, lower secondary, both sexes (%)"	UIS.NERA.2	LOWER_SECONDARY	75.78
"Macao SAR, Chi"	MAC	"Adjusted net enrolment rate, upper secondary, both sexes (%)"	UIS.NERA.3	UPPER_SECONDARY	59.04
"Macedonia, FYR"	MKD	"Adjusted net enrolment rate, primary, both sexes (%)"	SE.PRM.TENR	PRIMARY	91.06
"Macedonia, FYR"	MKD	"Adjusted net enrolment rate, lower secondary, both sexes (%)"	UIS.NERA.2	LOWER_SECONDARY	95.39
"Macedonia, FYR"	MKD	"Adjusted net enrolment rate, upper secondary, both sexes (%)"	UIS.NERA.3	UPPER_SECONDARY	NA
Madagascar	MDG	"Adjusted net enrolment rate, primary, both sexes (%)"	SE.PRM.TENR	PRIMARY	77.43
Madagascar	MDG	"Adjusted net enrolment rate, lower secondary, both sexes (%)"	UIS.NERA.2	LOWER_SECONDARY	30.04
Madagascar	MDG	"Adjusted net enrolment rate, upper secondary, both sexes (%)"	UIS.NERA.3	UPPER_SECONDARY	9.62
Malawi	MWI	"Adjusted net enrolment rate, primary, both sexes (%)"	SE.PRM.TENR	PRIMARY	98.06
Malawi	MWI	"Adjusted net enrolment rate, lower secondary, both sexes (%)"	UIS.NERA.2	LOWER_SECONDARY	31.20
Malawi	MWI	"Adjusted net enrolment rate, upper secondary, both sexes (%)"	UIS.NERA.3	UPPER_SECONDARY	8.47
Malaysia	MYS	"Adjusted net enrolment rate, primary, both sexes (%)"	SE.PRM.TENR	PRIMARY	98.09
Malaysia	MYS	"Adjusted net enrolment rate, lower secondary, both sexes (%)"	UIS.NERA.2	LOWER_SECONDARY	89.51
Malaysia	MYS	"Adjusted net enrolment rate, upper secondary, both sexes (%)"	UIS.NERA.3	UPPER_SECONDARY	55.33
Maldives	MDV	"Adjusted net enrolment rate, primary, both sexes (%)"	SE.PRM.TENR	PRIMARY	94.84
Maldives	MDV	"Adjusted net enrolment rate, lower secondary, both sexes (%)"	UIS.NERA.2	LOWER_SECONDARY	45.12
Maldives	MDV	"Adjusted net enrolment rate, upper secondary, both sexes (%)"	UIS.NERA.3	UPPER_SECONDARY	0.97
Mali	MLI	"Adjusted net enrolment rate, primary, both sexes (%)"	SE.PRM.TENR	PRIMARY	60.73
Mali	MLI	"Adjusted net enrolment rate, lower secondary, both sexes (%)"	UIS.NERA.2	LOWER_SECONDARY	39.44
Mali	MLI	"Adjusted net enrolment rate, upper secondary, both sexes (%)"	UIS.NERA.3	UPPER_SECONDARY	17.70
Malta	MLT	"Adjusted net enrolment rate, primary, both sexes (%)"	SE.PRM.TENR	PRIMARY	98.49
Malta	MLT	"Adjusted net enrolment rate, lower secondary, both sexes (%)"	UIS.NERA.2	LOWER_SECONDARY	86.04
Malta	MLT	"Adjusted net enrolment rate, upper secondary, both sexes (%)"	UIS.NERA.3	UPPER_SECONDARY	76.72
Marshall Islands	MHL	"Adjusted net enrolment rate, primary, both sexes (%)"	SE.PRM.TENR	PRIMARY	78.41
Marshall Islands	MHL	"Adjusted net enrolment rate, lower secondary, both sexes (%)"	UIS.NERA.2	LOWER_SECONDARY	30.63
Marshall Islands	MHL	"Adjusted net enrolment rate, upper secondary, both sexes (%)"	UIS.NERA.3	UPPER_SECONDARY	44.57
Mauritania	MRT	"Adjusted net enrolment rate, primary, both sexes (%)"	SE.PRM.TENR	PRIMARY	79.90
Mauritania	MRT	"Adjusted net enrolment rate, lower secondary, both sexes (%)"	UIS.NERA.2	LOWER_SECONDARY	20.68
Mauritania	MRT	"Adjusted net enrolment rate, upper secondary, both sexes (%)"	UIS.NERA.3	UPPER_SECONDARY	8.74
Mauritius	MUS	"Adjusted net enrolment rate, primary, both sexes (%)"	SE.PRM.TENR	PRIMARY	96.29
Mauritius	MUS	"Adjusted net enrolment rate, lower secondary, both sexes (%)"	UIS.NERA.2	LOWER_SECONDARY	78.39
Mauritius	MUS	"Adjusted net enrolment rate, upper secondary, both sexes (%)"	UIS.NERA.3	UPPER_SECONDARY	64.50
Mexico	MEX	"Adjusted net enrolment rate, primary, both sexes (%)"	SE.PRM.TENR	PRIMARY	97.60
Mexico	MEX	"Adjusted net enrolment rate, lower secondary, both sexes (%)"	UIS.NERA.2	LOWER_SECONDARY	77.97
Mexico	MEX	"Adjusted net enrolment rate, upper secondary, both sexes (%)"	UIS.NERA.3	UPPER_SECONDARY	52.55
"Micronesia, Fed. Sts."	FSM	"Adjusted net enrolment rate, primary, both sexes (%)"	SE.PRM.TENR	PRIMARY	84.00
"Micronesia, Fed. Sts."	FSM	"Adjusted net enrolment rate, lower secondary, both sexes (%)"	UIS.NERA.2	LOWER_SECONDARY	NA
"Micronesia, Fed. Sts."	FSM	"Adjusted net enrolment rate, upper secondary, both sexes (%)"	UIS.NERA.3	UPPER_SECONDARY	NA
Moldova	MDA	"Adjusted net enrolment rate, primary, both sexes (%)"	SE.PRM.TENR	PRIMARY	89.95
Moldova	MDA	"Adjusted net enrolment rate, lower secondary, both sexes (%)"	UIS.NERA.2	LOWER_SECONDARY	84.32
Moldova	MDA	"Adjusted net enrolment rate, upper secondary, both sexes (%)"	UIS.NERA.3	UPPER_SECONDARY	56.47
Moco	MCO	"Adjusted net enrolment rate, primary, both sexes (%)"	SE.PRM.TENR	PRIMARY	NA
Moco	MCO	"Adjusted net enrolment rate, lower secondary, both sexes (%)"	UIS.NERA.2	LOWER_SECONDARY	NA
Moco	MCO	"Adjusted net enrolment rate, upper secondary, both sexes (%)"	UIS.NERA.3	UPPER_SECONDARY	NA
Mongolia	MNG	"Adjusted net enrolment rate, primary, both sexes (%)"	SE.PRM.TENR	PRIMARY	97.31
Mongolia	MNG	"Adjusted net enrolment rate, lower secondary, both sexes (%)"	UIS.NERA.2	LOWER_SECONDARY	92.81
Mongolia	MNG	"Adjusted net enrolment rate, upper secondary, both sexes (%)"	UIS.NERA.3	UPPER_SECONDARY	83.72
Montenegro	MNE	"Adjusted net enrolment rate, primary, both sexes (%)"	SE.PRM.TENR	PRIMARY	93.69
Montenegro	MNE	"Adjusted net enrolment rate, lower secondary, both sexes (%)"	UIS.NERA.2	LOWER_SECONDARY	NA
Montenegro	MNE	"Adjusted net enrolment rate, upper secondary, both sexes (%)"	UIS.NERA.3	UPPER_SECONDARY	NA
Morocco	MAR	"Adjusted net enrolment rate, primary, both sexes (%)"	SE.PRM.TENR	PRIMARY	98.92
Morocco	MAR	"Adjusted net enrolment rate, lower secondary, both sexes (%)"	UIS.NERA.2	LOWER_SECONDARY	55.75
Morocco	MAR	"Adjusted net enrolment rate, upper secondary, both sexes (%)"	UIS.NERA.3	UPPER_SECONDARY	31.85
Mozambique	MOZ	"Adjusted net enrolment rate, primary, both sexes (%)"	SE.PRM.TENR	PRIMARY	89.13
Mozambique	MOZ	"Adjusted net enrolment rate, lower secondary, both sexes (%)"	UIS.NERA.2	LOWER_SECONDARY	16.12
Mozambique	MOZ	"Adjusted net enrolment rate, upper secondary, both sexes (%)"	UIS.NERA.3	UPPER_SECONDARY	4.52
Myanmar	MMR	"Adjusted net enrolment rate, primary, both sexes (%)"	SE.PRM.TENR	PRIMARY	94.53
Myanmar	MMR	"Adjusted net enrolment rate, lower secondary, both sexes (%)"	UIS.NERA.2	LOWER_SECONDARY	52.45
Myanmar	MMR	"Adjusted net enrolment rate, upper secondary, both sexes (%)"	UIS.NERA.3	UPPER_SECONDARY	26.88
Namibia	M	"Adjusted net enrolment rate, primary, both sexes (%)"	SE.PRM.TENR	PRIMARY	90.66
Namibia	M	"Adjusted net enrolment rate, lower secondary, both sexes (%)"	UIS.NERA.2	LOWER_SECONDARY	50.86
Namibia	M	"Adjusted net enrolment rate, upper secondary, both sexes (%)"	UIS.NERA.3	UPPER_SECONDARY	16.46
Nauru	NRU	"Adjusted net enrolment rate, primary, both sexes (%)"	SE.PRM.TENR	PRIMARY	86.63
Nauru	NRU	"Adjusted net enrolment rate, lower secondary, both sexes (%)"	UIS.NERA.2	LOWER_SECONDARY	83.67
Nauru	NRU	"Adjusted net enrolment rate, upper secondary, both sexes (%)"	UIS.NERA.3	UPPER_SECONDARY	45.80
Nepal	NPL	"Adjusted net enrolment rate, primary, both sexes (%)"	SE.PRM.TENR	PRIMARY	97.11
Nepal	NPL	"Adjusted net enrolment rate, lower secondary, both sexes (%)"	UIS.NERA.2	LOWER_SECONDARY	55.15
Nepal	NPL	"Adjusted net enrolment rate, upper secondary, both sexes (%)"	UIS.NERA.3	UPPER_SECONDARY	37.87
Netherlands	NLD	"Adjusted net enrolment rate, primary, both sexes (%)"	SE.PRM.TENR	PRIMARY	98.64
Netherlands	NLD	"Adjusted net enrolment rate, lower secondary, both sexes (%)"	UIS.NERA.2	LOWER_SECONDARY	85.27
Netherlands	NLD	"Adjusted net enrolment rate, upper secondary, both sexes (%)"	UIS.NERA.3	UPPER_SECONDARY	56.30
New Caledonia	NCL	"Adjusted net enrolment rate, primary, both sexes (%)"	SE.PRM.TENR	PRIMARY	NA
New Caledonia	NCL	"Adjusted net enrolment rate, lower secondary, both sexes (%)"	UIS.NERA.2	LOWER_SECONDARY	NA
New Caledonia	NCL	"Adjusted net enrolment rate, upper secondary, both sexes (%)"	UIS.NERA.3	UPPER_SECONDARY	NA
New Zealand	NZL	"Adjusted net enrolment rate, primary, both sexes (%)"	SE.PRM.TENR	PRIMARY	99.15
New Zealand	NZL	"Adjusted net enrolment rate, lower secondary, both sexes (%)"	UIS.NERA.2	LOWER_SECONDARY	98.19
New Zealand	NZL	"Adjusted net enrolment rate, upper secondary, both sexes (%)"	UIS.NERA.3	UPPER_SECONDARY	89.91
Nicaragua	NIC	"Adjusted net enrolment rate, primary, both sexes (%)"	SE.PRM.TENR	PRIMARY	98.41
Nicaragua	NIC	"Adjusted net enrolment rate, lower secondary, both sexes (%)"	UIS.NERA.2	LOWER_SECONDARY	43.95
Nicaragua	NIC	"Adjusted net enrolment rate, upper secondary, both sexes (%)"	UIS.NERA.3	UPPER_SECONDARY	23.81
Niger	NER	"Adjusted net enrolment rate, primary, both sexes (%)"	SE.PRM.TENR	PRIMARY	63.28
Niger	NER	"Adjusted net enrolment rate, lower secondary, both sexes (%)"	UIS.NERA.2	LOWER_SECONDARY	18.52
Niger	NER	"Adjusted net enrolment rate, upper secondary, both sexes (%)"	UIS.NERA.3	UPPER_SECONDARY	4.46
Nigeria	NGA	"Adjusted net enrolment rate, primary, both sexes (%)"	SE.PRM.TENR	PRIMARY	65.67
Nigeria	NGA	"Adjusted net enrolment rate, lower secondary, both sexes (%)"	UIS.NERA.2	LOWER_SECONDARY	NA
Nigeria	NGA	"Adjusted net enrolment rate, upper secondary, both sexes (%)"	UIS.NERA.3	UPPER_SECONDARY	NA
North America	C	"Adjusted net enrolment rate, primary, both sexes (%)"	SE.PRM.TENR	PRIMARY	94.48
North America	C	"Adjusted net enrolment rate, lower secondary, both sexes (%)"	UIS.NERA.2	LOWER_SECONDARY	NA
North America	C	"Adjusted net enrolment rate, upper secondary, both sexes (%)"	UIS.NERA.3	UPPER_SECONDARY	NA
Northern Maria Islands	MNP	"Adjusted net enrolment rate, primary, both sexes (%)"	SE.PRM.TENR	PRIMARY	NA
Northern Maria Islands	MNP	"Adjusted net enrolment rate, lower secondary, both sexes (%)"	UIS.NERA.2	LOWER_SECONDARY	NA
Northern Maria Islands	MNP	"Adjusted net enrolment rate, upper secondary, both sexes (%)"	UIS.NERA.3	UPPER_SECONDARY	NA
Norway	NOR	"Adjusted net enrolment rate, primary, both sexes (%)"	SE.PRM.TENR	PRIMARY	99.78
Norway	NOR	"Adjusted net enrolment rate, lower secondary, both sexes (%)"	UIS.NERA.2	LOWER_SECONDARY	99.53
Norway	NOR	"Adjusted net enrolment rate, upper secondary, both sexes (%)"	UIS.NERA.3	UPPER_SECONDARY	91.22
Oman	OMN	"Adjusted net enrolment rate, primary, both sexes (%)"	SE.PRM.TENR	PRIMARY	98.04
Oman	OMN	"Adjusted net enrolment rate, lower secondary, both sexes (%)"	UIS.NERA.2	LOWER_SECONDARY	96.64
Oman	OMN	"Adjusted net enrolment rate, upper secondary, both sexes (%)"	UIS.NERA.3	UPPER_SECONDARY	81.47
Pakistan	PAK	"Adjusted net enrolment rate, primary, both sexes (%)"	SE.PRM.TENR	PRIMARY	73.85
Pakistan	PAK	"Adjusted net enrolment rate, lower secondary, both sexes (%)"	UIS.NERA.2	LOWER_SECONDARY	52.43
Pakistan	PAK	"Adjusted net enrolment rate, upper secondary, both sexes (%)"	UIS.NERA.3	UPPER_SECONDARY	30.25
Palau	PLW	"Adjusted net enrolment rate, primary, both sexes (%)"	SE.PRM.TENR	PRIMARY	80.30
Palau	PLW	"Adjusted net enrolment rate, lower secondary, both sexes (%)"	UIS.NERA.2	LOWER_SECONDARY	57.77
Palau	PLW	"Adjusted net enrolment rate, upper secondary, both sexes (%)"	UIS.NERA.3	UPPER_SECONDARY	82.55
Pama	PAN	"Adjusted net enrolment rate, primary, both sexes (%)"	SE.PRM.TENR	PRIMARY	93.40
Pama	PAN	"Adjusted net enrolment rate, lower secondary, both sexes (%)"	UIS.NERA.2	LOWER_SECONDARY	71.50
Pama	PAN	"Adjusted net enrolment rate, upper secondary, both sexes (%)"	UIS.NERA.3	UPPER_SECONDARY	48.22
Papua New Guinea	PNG	"Adjusted net enrolment rate, primary, both sexes (%)"	SE.PRM.TENR	PRIMARY	87.16
Papua New Guinea	PNG	"Adjusted net enrolment rate, lower secondary, both sexes (%)"	UIS.NERA.2	LOWER_SECONDARY	NA
Papua New Guinea	PNG	"Adjusted net enrolment rate, upper secondary, both sexes (%)"	UIS.NERA.3	UPPER_SECONDARY	NA
Paraguay	PRY	"Adjusted net enrolment rate, primary, both sexes (%)"	SE.PRM.TENR	PRIMARY	89.20
Paraguay	PRY	"Adjusted net enrolment rate, lower secondary, both sexes (%)"	UIS.NERA.2	LOWER_SECONDARY	66.79
Paraguay	PRY	"Adjusted net enrolment rate, upper secondary, both sexes (%)"	UIS.NERA.3	UPPER_SECONDARY	47.04
Peru	PER	"Adjusted net enrolment rate, primary, both sexes (%)"	SE.PRM.TENR	PRIMARY	97.89
Peru	PER	"Adjusted net enrolment rate, lower secondary, both sexes (%)"	UIS.NERA.2	LOWER_SECONDARY	77.80
Peru	PER	"Adjusted net enrolment rate, upper secondary, both sexes (%)"	UIS.NERA.3	UPPER_SECONDARY	57.10
Philippines	PHL	"Adjusted net enrolment rate, primary, both sexes (%)"	SE.PRM.TENR	PRIMARY	96.75
Philippines	PHL	"Adjusted net enrolment rate, lower secondary, both sexes (%)"	UIS.NERA.2	LOWER_SECONDARY	64.60
Philippines	PHL	"Adjusted net enrolment rate, upper secondary, both sexes (%)"	UIS.NERA.3	UPPER_SECONDARY	30.80
Poland	POL	"Adjusted net enrolment rate, primary, both sexes (%)"	SE.PRM.TENR	PRIMARY	96.53
Poland	POL	"Adjusted net enrolment rate, lower secondary, both sexes (%)"	UIS.NERA.2	LOWER_SECONDARY	93.18
Poland	POL	"Adjusted net enrolment rate, upper secondary, both sexes (%)"	UIS.NERA.3	UPPER_SECONDARY	85.99
Portugal	PRT	"Adjusted net enrolment rate, primary, both sexes (%)"	SE.PRM.TENR	PRIMARY	97.97
Portugal	PRT	"Adjusted net enrolment rate, lower secondary, both sexes (%)"	UIS.NERA.2	LOWER_SECONDARY	85.19
Portugal	PRT	"Adjusted net enrolment rate, upper secondary, both sexes (%)"	UIS.NERA.3	UPPER_SECONDARY	73.64
Puerto Rico	PRI	"Adjusted net enrolment rate, primary, both sexes (%)"	SE.PRM.TENR	PRIMARY	84.88
Puerto Rico	PRI	"Adjusted net enrolment rate, lower secondary, both sexes (%)"	UIS.NERA.2	LOWER_SECONDARY	79.70
Puerto Rico	PRI	"Adjusted net enrolment rate, upper secondary, both sexes (%)"	UIS.NERA.3	UPPER_SECONDARY	63.41
Qatar	QAT	"Adjusted net enrolment rate, primary, both sexes (%)"	SE.PRM.TENR	PRIMARY	96.57
Qatar	QAT	"Adjusted net enrolment rate, lower secondary, both sexes (%)"	UIS.NERA.2	LOWER_SECONDARY	88.32
Qatar	QAT	"Adjusted net enrolment rate, upper secondary, both sexes (%)"	UIS.NERA.3	UPPER_SECONDARY	89.10
Romania	ROU	"Adjusted net enrolment rate, primary, both sexes (%)"	SE.PRM.TENR	PRIMARY	90.14
Romania	ROU	"Adjusted net enrolment rate, lower secondary, both sexes (%)"	UIS.NERA.2	LOWER_SECONDARY	89.19
Romania	ROU	"Adjusted net enrolment rate, upper secondary, both sexes (%)"	UIS.NERA.3	UPPER_SECONDARY	78.72
Russian Federation	RUS	"Adjusted net enrolment rate, primary, both sexes (%)"	SE.PRM.TENR	PRIMARY	97.50
Russian Federation	RUS	"Adjusted net enrolment rate, lower secondary, both sexes (%)"	UIS.NERA.2	LOWER_SECONDARY	85.32
Russian Federation	RUS	"Adjusted net enrolment rate, upper secondary, both sexes (%)"	UIS.NERA.3	UPPER_SECONDARY	NA
Rwanda	RWA	"Adjusted net enrolment rate, primary, both sexes (%)"	SE.PRM.TENR	PRIMARY	95.10
Rwanda	RWA	"Adjusted net enrolment rate, lower secondary, both sexes (%)"	UIS.NERA.2	LOWER_SECONDARY	NA
Rwanda	RWA	"Adjusted net enrolment rate, upper secondary, both sexes (%)"	UIS.NERA.3	UPPER_SECONDARY	NA
Samoa	WSM	"Adjusted net enrolment rate, primary, both sexes (%)"	SE.PRM.TENR	PRIMARY	97.36
Samoa	WSM	"Adjusted net enrolment rate, lower secondary, both sexes (%)"	UIS.NERA.2	LOWER_SECONDARY	65.69
Samoa	WSM	"Adjusted net enrolment rate, upper secondary, both sexes (%)"	UIS.NERA.3	UPPER_SECONDARY	70.80
San Marino	SMR	"Adjusted net enrolment rate, primary, both sexes (%)"	SE.PRM.TENR	PRIMARY	93.06
San Marino	SMR	"Adjusted net enrolment rate, lower secondary, both sexes (%)"	UIS.NERA.2	LOWER_SECONDARY	NA
San Marino	SMR	"Adjusted net enrolment rate, upper secondary, both sexes (%)"	UIS.NERA.3	UPPER_SECONDARY	NA
Sao Tome and Principe	STP	"Adjusted net enrolment rate, primary, both sexes (%)"	SE.PRM.TENR	PRIMARY	95.70
Sao Tome and Principe	STP	"Adjusted net enrolment rate, lower secondary, both sexes (%)"	UIS.NERA.2	LOWER_SECONDARY	40.21
Sao Tome and Principe	STP	"Adjusted net enrolment rate, upper secondary, both sexes (%)"	UIS.NERA.3	UPPER_SECONDARY	12.20
Saudi Arabia	SAU	"Adjusted net enrolment rate, primary, both sexes (%)"	SE.PRM.TENR	PRIMARY	97.69
Saudi Arabia	SAU	"Adjusted net enrolment rate, lower secondary, both sexes (%)"	UIS.NERA.2	LOWER_SECONDARY	73.19
Saudi Arabia	SAU	"Adjusted net enrolment rate, upper secondary, both sexes (%)"	UIS.NERA.3	UPPER_SECONDARY	69.30
Senegal	SEN	"Adjusted net enrolment rate, primary, both sexes (%)"	SE.PRM.TENR	PRIMARY	72.99
Senegal	SEN	"Adjusted net enrolment rate, lower secondary, both sexes (%)"	UIS.NERA.2	LOWER_SECONDARY	21.50
Senegal	SEN	"Adjusted net enrolment rate, upper secondary, both sexes (%)"	UIS.NERA.3	UPPER_SECONDARY	6.00
Serbia	SRB	"Adjusted net enrolment rate, primary, both sexes (%)"	SE.PRM.TENR	PRIMARY	99.21
Serbia	SRB	"Adjusted net enrolment rate, lower secondary, both sexes (%)"	UIS.NERA.2	LOWER_SECONDARY	97.99
Serbia	SRB	"Adjusted net enrolment rate, upper secondary, both sexes (%)"	UIS.NERA.3	UPPER_SECONDARY	86.69
Seychelles	SYC	"Adjusted net enrolment rate, primary, both sexes (%)"	SE.PRM.TENR	PRIMARY	95.48
Seychelles	SYC	"Adjusted net enrolment rate, lower secondary, both sexes (%)"	UIS.NERA.2	LOWER_SECONDARY	89.69
Seychelles	SYC	"Adjusted net enrolment rate, upper secondary, both sexes (%)"	UIS.NERA.3	UPPER_SECONDARY	82.38
Sierra Leone	SLE	"Adjusted net enrolment rate, primary, both sexes (%)"	SE.PRM.TENR	PRIMARY	99.38
Sierra Leone	SLE	"Adjusted net enrolment rate, lower secondary, both sexes (%)"	UIS.NERA.2	LOWER_SECONDARY	33.92
Sierra Leone	SLE	"Adjusted net enrolment rate, upper secondary, both sexes (%)"	UIS.NERA.3	UPPER_SECONDARY	20.31
Singapore	SGP	"Adjusted net enrolment rate, primary, both sexes (%)"	SE.PRM.TENR	PRIMARY	NA
Singapore	SGP	"Adjusted net enrolment rate, lower secondary, both sexes (%)"	UIS.NERA.2	LOWER_SECONDARY	NA
Singapore	SGP	"Adjusted net enrolment rate, upper secondary, both sexes (%)"	UIS.NERA.3	UPPER_SECONDARY	NA
Sint Maarten (Dutch part)	SXM	"Adjusted net enrolment rate, primary, both sexes (%)"	SE.PRM.TENR	PRIMARY	NA
Sint Maarten (Dutch part)	SXM	"Adjusted net enrolment rate, lower secondary, both sexes (%)"	UIS.NERA.2	LOWER_SECONDARY	NA
Sint Maarten (Dutch part)	SXM	"Adjusted net enrolment rate, upper secondary, both sexes (%)"	UIS.NERA.3	UPPER_SECONDARY	NA
Slovak Republic	SVK	"Adjusted net enrolment rate, primary, both sexes (%)"	SE.PRM.TENR	PRIMARY	NA
Slovak Republic	SVK	"Adjusted net enrolment rate, lower secondary, both sexes (%)"	UIS.NERA.2	LOWER_SECONDARY	NA
Slovak Republic	SVK	"Adjusted net enrolment rate, upper secondary, both sexes (%)"	UIS.NERA.3	UPPER_SECONDARY	NA
Slovenia	SVN	"Adjusted net enrolment rate, primary, both sexes (%)"	SE.PRM.TENR	PRIMARY	97.82
Slovenia	SVN	"Adjusted net enrolment rate, lower secondary, both sexes (%)"	UIS.NERA.2	LOWER_SECONDARY	95.93
Slovenia	SVN	"Adjusted net enrolment rate, upper secondary, both sexes (%)"	UIS.NERA.3	UPPER_SECONDARY	93.37
Solomon Islands	SLB	"Adjusted net enrolment rate, primary, both sexes (%)"	SE.PRM.TENR	PRIMARY	70.55
Solomon Islands	SLB	"Adjusted net enrolment rate, lower secondary, both sexes (%)"	UIS.NERA.2	LOWER_SECONDARY	22.37
Solomon Islands	SLB	"Adjusted net enrolment rate, upper secondary, both sexes (%)"	UIS.NERA.3	UPPER_SECONDARY	NA
Somalia	SOM	"Adjusted net enrolment rate, primary, both sexes (%)"	SE.PRM.TENR	PRIMARY	NA
Somalia	SOM	"Adjusted net enrolment rate, lower secondary, both sexes (%)"	UIS.NERA.2	LOWER_SECONDARY	NA
Somalia	SOM	"Adjusted net enrolment rate, upper secondary, both sexes (%)"	UIS.NERA.3	UPPER_SECONDARY	NA
South Africa	ZAF	"Adjusted net enrolment rate, primary, both sexes (%)"	SE.PRM.TENR	PRIMARY	88.30
South Africa	ZAF	"Adjusted net enrolment rate, lower secondary, both sexes (%)"	UIS.NERA.2	LOWER_SECONDARY	62.41
South Africa	ZAF	"Adjusted net enrolment rate, upper secondary, both sexes (%)"	UIS.NERA.3	UPPER_SECONDARY	49.63
South Asia	SAS	"Adjusted net enrolment rate, primary, both sexes (%)"	SE.PRM.TENR	PRIMARY	93.54
South Asia	SAS	"Adjusted net enrolment rate, lower secondary, both sexes (%)"	UIS.NERA.2	LOWER_SECONDARY	NA
South Asia	SAS	"Adjusted net enrolment rate, upper secondary, both sexes (%)"	UIS.NERA.3	UPPER_SECONDARY	NA
South Sudan	SSD	"Adjusted net enrolment rate, primary, both sexes (%)"	SE.PRM.TENR	PRIMARY	30.98
South Sudan	SSD	"Adjusted net enrolment rate, lower secondary, both sexes (%)"	UIS.NERA.2	LOWER_SECONDARY	NA
South Sudan	SSD	"Adjusted net enrolment rate, upper secondary, both sexes (%)"	UIS.NERA.3	UPPER_SECONDARY	NA
Spain	ESP	"Adjusted net enrolment rate, primary, both sexes (%)"	SE.PRM.TENR	PRIMARY	99.50
Spain	ESP	"Adjusted net enrolment rate, lower secondary, both sexes (%)"	UIS.NERA.2	LOWER_SECONDARY	94.08
Spain	ESP	"Adjusted net enrolment rate, upper secondary, both sexes (%)"	UIS.NERA.3	UPPER_SECONDARY	80.41
Sri Lanka	LKA	"Adjusted net enrolment rate, primary, both sexes (%)"	SE.PRM.TENR	PRIMARY	99.08
Sri Lanka	LKA	"Adjusted net enrolment rate, lower secondary, both sexes (%)"	UIS.NERA.2	LOWER_SECONDARY	93.38
Sri Lanka	LKA	"Adjusted net enrolment rate, upper secondary, both sexes (%)"	UIS.NERA.3	UPPER_SECONDARY	67.29
St. Kitts and Nevis	K	"Adjusted net enrolment rate, primary, both sexes (%)"	SE.PRM.TENR	PRIMARY	80.39
St. Kitts and Nevis	K	"Adjusted net enrolment rate, lower secondary, both sexes (%)"	UIS.NERA.2	LOWER_SECONDARY	87.14
St. Kitts and Nevis	K	"Adjusted net enrolment rate, upper secondary, both sexes (%)"	UIS.NERA.3	UPPER_SECONDARY	67.77
St. Lucia	LCA	"Adjusted net enrolment rate, primary, both sexes (%)"	SE.PRM.TENR	PRIMARY	94.12
St. Lucia	LCA	"Adjusted net enrolment rate, lower secondary, both sexes (%)"	UIS.NERA.2	LOWER_SECONDARY	79.52
St. Lucia	LCA	"Adjusted net enrolment rate, upper secondary, both sexes (%)"	UIS.NERA.3	UPPER_SECONDARY	71.23
St. Martin (French part)	MAF	"Adjusted net enrolment rate, primary, both sexes (%)"	SE.PRM.TENR	PRIMARY	NA
St. Martin (French part)	MAF	"Adjusted net enrolment rate, lower secondary, both sexes (%)"	UIS.NERA.2	LOWER_SECONDARY	NA
St. Martin (French part)	MAF	"Adjusted net enrolment rate, upper secondary, both sexes (%)"	UIS.NERA.3	UPPER_SECONDARY	NA
St. Vincent and the Gredines	VCT	"Adjusted net enrolment rate, primary, both sexes (%)"	SE.PRM.TENR	PRIMARY	98.73
St. Vincent and the Gredines	VCT	"Adjusted net enrolment rate, lower secondary, both sexes (%)"	UIS.NERA.2	LOWER_SECONDARY	85.29
St. Vincent and the Gredines	VCT	"Adjusted net enrolment rate, upper secondary, both sexes (%)"	UIS.NERA.3	UPPER_SECONDARY	50.20
Sudan	SDN	"Adjusted net enrolment rate, primary, both sexes (%)"	SE.PRM.TENR	PRIMARY	54.75
Sudan	SDN	"Adjusted net enrolment rate, lower secondary, both sexes (%)"	UIS.NERA.2	LOWER_SECONDARY	26.45
Sudan	SDN	"Adjusted net enrolment rate, upper secondary, both sexes (%)"	UIS.NERA.3	UPPER_SECONDARY	NA
Surime	SUR	"Adjusted net enrolment rate, primary, both sexes (%)"	SE.PRM.TENR	PRIMARY	94.66
Surime	SUR	"Adjusted net enrolment rate, lower secondary, both sexes (%)"	UIS.NERA.2	LOWER_SECONDARY	45.35
Surime	SUR	"Adjusted net enrolment rate, upper secondary, both sexes (%)"	UIS.NERA.3	UPPER_SECONDARY	14.46
Swaziland	SWZ	"Adjusted net enrolment rate, primary, both sexes (%)"	SE.PRM.TENR	PRIMARY	79.74
Swaziland	SWZ	"Adjusted net enrolment rate, lower secondary, both sexes (%)"	UIS.NERA.2	LOWER_SECONDARY	24.37
Swaziland	SWZ	"Adjusted net enrolment rate, upper secondary, both sexes (%)"	UIS.NERA.3	UPPER_SECONDARY	9.65
Sweden	SWE	"Adjusted net enrolment rate, primary, both sexes (%)"	SE.PRM.TENR	PRIMARY	99.63
Sweden	SWE	"Adjusted net enrolment rate, lower secondary, both sexes (%)"	UIS.NERA.2	LOWER_SECONDARY	98.43
Sweden	SWE	"Adjusted net enrolment rate, upper secondary, both sexes (%)"	UIS.NERA.3	UPPER_SECONDARY	90.92
Switzerland	CHE	"Adjusted net enrolment rate, primary, both sexes (%)"	SE.PRM.TENR	PRIMARY	99.62
Switzerland	CHE	"Adjusted net enrolment rate, lower secondary, both sexes (%)"	UIS.NERA.2	LOWER_SECONDARY	97.16
Switzerland	CHE	"Adjusted net enrolment rate, upper secondary, both sexes (%)"	UIS.NERA.3	UPPER_SECONDARY	75.30
Syrian Arab Republic	SYR	"Adjusted net enrolment rate, primary, both sexes (%)"	SE.PRM.TENR	PRIMARY	70.87
Syrian Arab Republic	SYR	"Adjusted net enrolment rate, lower secondary, both sexes (%)"	UIS.NERA.2	LOWER_SECONDARY	54.23
Syrian Arab Republic	SYR	"Adjusted net enrolment rate, upper secondary, both sexes (%)"	UIS.NERA.3	UPPER_SECONDARY	24.50
Tajikistan	TJK	"Adjusted net enrolment rate, primary, both sexes (%)"	SE.PRM.TENR	PRIMARY	98.89
Tajikistan	TJK	"Adjusted net enrolment rate, lower secondary, both sexes (%)"	UIS.NERA.2	LOWER_SECONDARY	94.18
Tajikistan	TJK	"Adjusted net enrolment rate, upper secondary, both sexes (%)"	UIS.NERA.3	UPPER_SECONDARY	59.92
Tanzania	TZA	"Adjusted net enrolment rate, primary, both sexes (%)"	SE.PRM.TENR	PRIMARY	80.09
Tanzania	TZA	"Adjusted net enrolment rate, lower secondary, both sexes (%)"	UIS.NERA.2	LOWER_SECONDARY	NA
Tanzania	TZA	"Adjusted net enrolment rate, upper secondary, both sexes (%)"	UIS.NERA.3	UPPER_SECONDARY	NA
Thailand	THA	"Adjusted net enrolment rate, primary, both sexes (%)"	SE.PRM.TENR	PRIMARY	90.81
Thailand	THA	"Adjusted net enrolment rate, lower secondary, both sexes (%)"	UIS.NERA.2	LOWER_SECONDARY	81.46
Thailand	THA	"Adjusted net enrolment rate, upper secondary, both sexes (%)"	UIS.NERA.3	UPPER_SECONDARY	NA
Timor-Leste	TLS	"Adjusted net enrolment rate, primary, both sexes (%)"	SE.PRM.TENR	PRIMARY	97.02
Timor-Leste	TLS	"Adjusted net enrolment rate, lower secondary, both sexes (%)"	UIS.NERA.2	LOWER_SECONDARY	40.10
Timor-Leste	TLS	"Adjusted net enrolment rate, upper secondary, both sexes (%)"	UIS.NERA.3	UPPER_SECONDARY	27.99
Togo	TGO	"Adjusted net enrolment rate, primary, both sexes (%)"	SE.PRM.TENR	PRIMARY	97.46
Togo	TGO	"Adjusted net enrolment rate, lower secondary, both sexes (%)"	UIS.NERA.2	LOWER_SECONDARY	33.37
Togo	TGO	"Adjusted net enrolment rate, upper secondary, both sexes (%)"	UIS.NERA.3	UPPER_SECONDARY	NA
Tonga	TON	"Adjusted net enrolment rate, primary, both sexes (%)"	SE.PRM.TENR	PRIMARY	98.68
Tonga	TON	"Adjusted net enrolment rate, lower secondary, both sexes (%)"	UIS.NERA.2	LOWER_SECONDARY	87.13
Tonga	TON	"Adjusted net enrolment rate, upper secondary, both sexes (%)"	UIS.NERA.3	UPPER_SECONDARY	24.47
Trinidad and Tobago	TTO	"Adjusted net enrolment rate, primary, both sexes (%)"	SE.PRM.TENR	PRIMARY	98.73
Trinidad and Tobago	TTO	"Adjusted net enrolment rate, lower secondary, both sexes (%)"	UIS.NERA.2	LOWER_SECONDARY	75.17
Trinidad and Tobago	TTO	"Adjusted net enrolment rate, upper secondary, both sexes (%)"	UIS.NERA.3	UPPER_SECONDARY	59.57
Tunisia	TUN	"Adjusted net enrolment rate, primary, both sexes (%)"	SE.PRM.TENR	PRIMARY	99.61
Tunisia	TUN	"Adjusted net enrolment rate, lower secondary, both sexes (%)"	UIS.NERA.2	LOWER_SECONDARY	29.70
Tunisia	TUN	"Adjusted net enrolment rate, upper secondary, both sexes (%)"	UIS.NERA.3	UPPER_SECONDARY	NA
Turkey	TUR	"Adjusted net enrolment rate, primary, both sexes (%)"	SE.PRM.TENR	PRIMARY	94.24
Turkey	TUR	"Adjusted net enrolment rate, lower secondary, both sexes (%)"	UIS.NERA.2	LOWER_SECONDARY	92.14
Turkey	TUR	"Adjusted net enrolment rate, upper secondary, both sexes (%)"	UIS.NERA.3	UPPER_SECONDARY	74.28
Turkmenistan	TKM	"Adjusted net enrolment rate, primary, both sexes (%)"	SE.PRM.TENR	PRIMARY	NA
Turkmenistan	TKM	"Adjusted net enrolment rate, lower secondary, both sexes (%)"	UIS.NERA.2	LOWER_SECONDARY	NA
Turkmenistan	TKM	"Adjusted net enrolment rate, upper secondary, both sexes (%)"	UIS.NERA.3	UPPER_SECONDARY	NA
Turks and Caicos Islands	TCA	"Adjusted net enrolment rate, primary, both sexes (%)"	SE.PRM.TENR	PRIMARY	NA
Turks and Caicos Islands	TCA	"Adjusted net enrolment rate, lower secondary, both sexes (%)"	UIS.NERA.2	LOWER_SECONDARY	NA
Turks and Caicos Islands	TCA	"Adjusted net enrolment rate, upper secondary, both sexes (%)"	UIS.NERA.3	UPPER_SECONDARY	NA
Tuvalu	TUV	"Adjusted net enrolment rate, primary, both sexes (%)"	SE.PRM.TENR	PRIMARY	98.33
Tuvalu	TUV	"Adjusted net enrolment rate, lower secondary, both sexes (%)"	UIS.NERA.2	LOWER_SECONDARY	86.52
Tuvalu	TUV	"Adjusted net enrolment rate, upper secondary, both sexes (%)"	UIS.NERA.3	UPPER_SECONDARY	40.22
Uganda	UGA	"Adjusted net enrolment rate, primary, both sexes (%)"	SE.PRM.TENR	PRIMARY	93.80
Uganda	UGA	"Adjusted net enrolment rate, lower secondary, both sexes (%)"	UIS.NERA.2	LOWER_SECONDARY	20.87
Uganda	UGA	"Adjusted net enrolment rate, upper secondary, both sexes (%)"	UIS.NERA.3	UPPER_SECONDARY	3.75
Ukraine	UKR	"Adjusted net enrolment rate, primary, both sexes (%)"	SE.PRM.TENR	PRIMARY	96.52
Ukraine	UKR	"Adjusted net enrolment rate, lower secondary, both sexes (%)"	UIS.NERA.2	LOWER_SECONDARY	93.08
Ukraine	UKR	"Adjusted net enrolment rate, upper secondary, both sexes (%)"	UIS.NERA.3	UPPER_SECONDARY	78.20
United Arab Emirates	ARE	"Adjusted net enrolment rate, primary, both sexes (%)"	SE.PRM.TENR	PRIMARY	95.96
United Arab Emirates	ARE	"Adjusted net enrolment rate, lower secondary, both sexes (%)"	UIS.NERA.2	LOWER_SECONDARY	82.72
United Arab Emirates	ARE	"Adjusted net enrolment rate, upper secondary, both sexes (%)"	UIS.NERA.3	UPPER_SECONDARY	NA
United Kingdom	GBR	"Adjusted net enrolment rate, primary, both sexes (%)"	SE.PRM.TENR	PRIMARY	99.85
United Kingdom	GBR	"Adjusted net enrolment rate, lower secondary, both sexes (%)"	UIS.NERA.2	LOWER_SECONDARY	96.08
United Kingdom	GBR	"Adjusted net enrolment rate, upper secondary, both sexes (%)"	UIS.NERA.3	UPPER_SECONDARY	92.26
United States	USA	"Adjusted net enrolment rate, primary, both sexes (%)"	SE.PRM.TENR	PRIMARY	94.46
United States	USA	"Adjusted net enrolment rate, lower secondary, both sexes (%)"	UIS.NERA.2	LOWER_SECONDARY	88.21
United States	USA	"Adjusted net enrolment rate, upper secondary, both sexes (%)"	UIS.NERA.3	UPPER_SECONDARY	79.89
Uruguay	URY	"Adjusted net enrolment rate, primary, both sexes (%)"	SE.PRM.TENR	PRIMARY	94.51
Uruguay	URY	"Adjusted net enrolment rate, lower secondary, both sexes (%)"	UIS.NERA.2	LOWER_SECONDARY	69.45
Uruguay	URY	"Adjusted net enrolment rate, upper secondary, both sexes (%)"	UIS.NERA.3	UPPER_SECONDARY	45.39
Uzbekistan	UZB	"Adjusted net enrolment rate, primary, both sexes (%)"	SE.PRM.TENR	PRIMARY	97.13
Uzbekistan	UZB	"Adjusted net enrolment rate, lower secondary, both sexes (%)"	UIS.NERA.2	LOWER_SECONDARY	99.19
Uzbekistan	UZB	"Adjusted net enrolment rate, upper secondary, both sexes (%)"	UIS.NERA.3	UPPER_SECONDARY	81.22
Vanuatu	VUT	"Adjusted net enrolment rate, primary, both sexes (%)"	SE.PRM.TENR	PRIMARY	86.70
Vanuatu	VUT	"Adjusted net enrolment rate, lower secondary, both sexes (%)"	UIS.NERA.2	LOWER_SECONDARY	49.41
Vanuatu	VUT	"Adjusted net enrolment rate, upper secondary, both sexes (%)"	UIS.NERA.3	UPPER_SECONDARY	28.58
"Venezuela, RB"	VEN	"Adjusted net enrolment rate, primary, both sexes (%)"	SE.PRM.TENR	PRIMARY	92.39
"Venezuela, RB"	VEN	"Adjusted net enrolment rate, lower secondary, both sexes (%)"	UIS.NERA.2	LOWER_SECONDARY	77.26
"Venezuela, RB"	VEN	"Adjusted net enrolment rate, upper secondary, both sexes (%)"	UIS.NERA.3	UPPER_SECONDARY	49.60
Vietm	VNM	"Adjusted net enrolment rate, primary, both sexes (%)"	SE.PRM.TENR	PRIMARY	98.11
Vietm	VNM	"Adjusted net enrolment rate, lower secondary, both sexes (%)"	UIS.NERA.2	LOWER_SECONDARY	76.07
Vietm	VNM	"Adjusted net enrolment rate, upper secondary, both sexes (%)"	UIS.NERA.3	UPPER_SECONDARY	NA
Virgin Islands (U.S.)	VIR	"Adjusted net enrolment rate, primary, both sexes (%)"	SE.PRM.TENR	PRIMARY	NA
Virgin Islands (U.S.)	VIR	"Adjusted net enrolment rate, lower secondary, both sexes (%)"	UIS.NERA.2	LOWER_SECONDARY	NA
Virgin Islands (U.S.)	VIR	"Adjusted net enrolment rate, upper secondary, both sexes (%)"	UIS.NERA.3	UPPER_SECONDARY	NA
West Bank and Gaza	PSE	"Adjusted net enrolment rate, primary, both sexes (%)"	SE.PRM.TENR	PRIMARY	92.25
West Bank and Gaza	PSE	"Adjusted net enrolment rate, lower secondary, both sexes (%)"	UIS.NERA.2	LOWER_SECONDARY	84.84
West Bank and Gaza	PSE	"Adjusted net enrolment rate, upper secondary, both sexes (%)"	UIS.NERA.3	UPPER_SECONDARY	60.17
World	WLD	"Adjusted net enrolment rate, primary, both sexes (%)"	SE.PRM.TENR	PRIMARY	91.16
World	WLD	"Adjusted net enrolment rate, lower secondary, both sexes (%)"	UIS.NERA.2	LOWER_SECONDARY	NA
World	WLD	"Adjusted net enrolment rate, upper secondary, both sexes (%)"	UIS.NERA.3	UPPER_SECONDARY	NA
"Yemen, Rep."	YEM	"Adjusted net enrolment rate, primary, both sexes (%)"	SE.PRM.TENR	PRIMARY	85.33
"Yemen, Rep."	YEM	"Adjusted net enrolment rate, lower secondary, both sexes (%)"	UIS.NERA.2	LOWER_SECONDARY	43.16
"Yemen, Rep."	YEM	"Adjusted net enrolment rate, upper secondary, both sexes (%)"	UIS.NERA.3	UPPER_SECONDARY	27.77
Zambia	ZMB	"Adjusted net enrolment rate, primary, both sexes (%)"	SE.PRM.TENR	PRIMARY	89.04
Zambia	ZMB	"Adjusted net enrolment rate, lower secondary, both sexes (%)"	UIS.NERA.2	LOWER_SECONDARY	NA
Zambia	ZMB	"Adjusted net enrolment rate, upper secondary, both sexes (%)"	UIS.NERA.3	UPPER_SECONDARY	NA
Zimbabwe	ZWE	"Adjusted net enrolment rate, primary, both sexes (%)"	SE.PRM.TENR	PRIMARY	86.30
Zimbabwe	ZWE	"Adjusted net enrolment rate, lower secondary, both sexes (%)"	UIS.NERA.2	LOWER_SECONDARY	38.78
Zimbabwe	ZWE	"Adjusted net enrolment rate, upper secondary, both sexes (%)"	UIS.NERA.3	UPPER_SECONDARY	32.07
