country,country_name,service_type,year,value,population,service_level
ABW,Aruba,Sanitation,2015,97.54,101337,At_least_basic
ABW,Aruba,Sanitation,2015,0.00,0,Limited_service
ABW,Aruba,Sanitation,2015,1.47,1530,Open_defecation
ABW,Aruba,Sanitation,2015,0.98,1022,Unimproved
AFG,Afghanistan,Sanitation,2015,39.22,12757059,At_least_basic
AFG,Afghanistan,Sanitation,2015,9.42,3062461,Limited_service
AFG,Afghanistan,Sanitation,2015,13.55,4406168,Open_defecation
AFG,Afghanistan,Sanitation,2015,37.82,12300874,Unimproved
AGO,Angola,Sanitation,2015,39.43,9866020,At_least_basic
AGO,Angola,Sanitation,2015,14.99,3750721,Limited_service
AGO,Angola,Sanitation,2015,32.84,8217900,Open_defecation
AGO,Angola,Sanitation,2015,12.74,3187333,Unimproved
AIA,Anguilla,Sanitation,2015,96.92,14164,At_least_basic
AIA,Anguilla,Sanitation,2015,2.38,348,Limited_service
AIA,Anguilla,Sanitation,2015,0.54,79,Open_defecation
AIA,Anguilla,Sanitation,2015,0.16,23,Unimproved
ALB,Albania,Sanitation,2015,32.87,952228,Basic_service
ALB,Albania,Sanitation,2015,2.11,61106,Limited_service
ALB,Albania,Sanitation,2015,0.20,5788,Open_defecation
ALB,Albania,Sanitation,2015,64.82,1877557,Safely_managed_service
ALB,Albania,Sanitation,2015,0.00,0,Unimproved
AND,Andorra,Sanitation,2015,0.00,0,Basic_service
AND,Andorra,Sanitation,2015,0.00,0,Limited_service
AND,Andorra,Sanitation,2015,0.00,0,Open_defecation
AND,Andorra,Sanitation,2015,100.00,70473,Safely_managed_service
AND,Andorra,Sanitation,2015,0.00,0,Unimproved
ARE,United_Arab_Emirates,Sanitation,2015,6.61,605010,Basic_service
ARE,United_Arab_Emirates,Sanitation,2015,0.02,2088,Limited_service
ARE,United_Arab_Emirates,Sanitation,2015,0.00,0,Open_defecation
ARE,United_Arab_Emirates,Sanitation,2015,93.37,8549865,Safely_managed_service
ARE,United_Arab_Emirates,Sanitation,2015,0.00,0,Unimproved
ARG,Argentina,Sanitation,2015,68.36,29677903,Basic_service
ARG,Argentina,Sanitation,2015,3.28,1423279,Limited_service
ARG,Argentina,Sanitation,2015,1.35,586644,Open_defecation
ARG,Argentina,Sanitation,2015,26.48,11498493,Safely_managed_service
ARG,Argentina,Sanitation,2015,0.53,230433,Unimproved
ARM,Armenia,Sanitation,2015,91.58,2763704,At_least_basic
ARM,Armenia,Sanitation,2015,1.71,51664,Limited_service
ARM,Armenia,Sanitation,2015,0.00,0,Open_defecation
ARM,Armenia,Sanitation,2015,6.71,202343,Unimproved
ASM,American_Samoa,Sanitation,2015,62.23,34563,At_least_basic
ASM,American_Samoa,Sanitation,2015,36.39,20208,Limited_service
ASM,American_Samoa,Sanitation,2015,1.38,768,Unimproved
ATG,Antigua_and_Barbuda,Sanitation,2015,87.50,80345,At_least_basic
ATG,Antigua_and_Barbuda,Sanitation,2015,4.17,3833,Limited_service
ATG,Antigua_and_Barbuda,Sanitation,2015,0.26,243,Open_defecation
ATG,Antigua_and_Barbuda,Sanitation,2015,8.06,7398,Unimproved
AUS,Australia,Sanitation,2015,25.79,6180735,Basic_service
AUS,Australia,Sanitation,2015,0.00,0,Limited_service
AUS,Australia,Sanitation,2015,0.00,0,Open_defecation
AUS,Australia,Sanitation,2015,74.21,17788237,Safely_managed_service
AUS,Australia,Sanitation,2015,0.00,0,Unimproved
AUT,Austria,Sanitation,2015,3.19,272808,Basic_service
AUT,Austria,Sanitation,2015,0.00,0,Limited_service
AUT,Austria,Sanitation,2015,0.00,0,Open_defecation
AUT,Austria,Sanitation,2015,96.78,8269503,Safely_managed_service
AUT,Austria,Sanitation,2015,0.03,2275,Unimproved
AZE,Azerbaijan,Sanitation,2015,89.35,8715081,At_least_basic
AZE,Azerbaijan,Sanitation,2015,5.70,555795,Limited_service
AZE,Azerbaijan,Sanitation,2015,0.16,15400,Open_defecation
AZE,Azerbaijan,Sanitation,2015,4.79,467692,Unimproved
BDI,Burundi,Sanitation,2015,50.46,5640919,At_least_basic
BDI,Burundi,Sanitation,2015,10.55,1179781,Limited_service
BDI,Burundi,Sanitation,2015,3.14,350514,Open_defecation
BDI,Burundi,Sanitation,2015,35.85,4007707,Unimproved
BEL,Belgium,Sanitation,2015,2.39,269584,Basic_service
BEL,Belgium,Sanitation,2015,0.51,58043,Limited_service
BEL,Belgium,Sanitation,2015,0.00,0,Open_defecation
BEL,Belgium,Sanitation,2015,97.10,10971537,Safely_managed_service
BEL,Belgium,Sanitation,2015,0.00,28,Unimproved
BEN,Benin,Sanitation,2015,13.93,1515572,At_least_basic
BEN,Benin,Sanitation,2015,20.20,2198184,Limited_service
BEN,Benin,Sanitation,2015,55.16,6001425,Open_defecation
BEN,Benin,Sanitation,2015,10.70,1164648,Unimproved
BFA,Burkina_Faso,Sanitation,2015,22.53,4079562,At_least_basic
BFA,Burkina_Faso,Sanitation,2015,24.35,4408263,Limited_service
BFA,Burkina_Faso,Sanitation,2015,47.98,8686380,Open_defecation
BFA,Burkina_Faso,Sanitation,2015,5.14,931365,Unimproved
BGD,Bangladesh,Sanitation,2015,46.92,75546553,At_least_basic
BGD,Bangladesh,Sanitation,2015,22.15,35663711,Limited_service
BGD,Bangladesh,Sanitation,2015,0.11,171601,Open_defecation
BGD,Bangladesh,Sanitation,2015,30.82,49613783,Unimproved
BGR,Bulgaria,Sanitation,2015,37.13,2654431,Basic_service
BGR,Bulgaria,Sanitation,2015,14.02,1002239,Limited_service
BGR,Bulgaria,Sanitation,2015,0.00,0,Open_defecation
BGR,Bulgaria,Sanitation,2015,48.86,3493035,Safely_managed_service
BGR,Bulgaria,Sanitation,2015,0.00,82,Unimproved
BHR,Bahrain,Sanitation,2015,100.00,1377237,At_least_basic
BHR,Bahrain,Sanitation,2015,0.00,0,Limited_service
BHR,Bahrain,Sanitation,2015,0.00,0,Open_defecation
BHR,Bahrain,Sanitation,2015,0.00,0,Unimproved
BHS,Bahamas,Sanitation,2015,92.01,357021,At_least_basic
BHS,Bahamas,Sanitation,2015,4.59,17801,Limited_service
BHS,Bahamas,Sanitation,2015,0.00,0,Open_defecation
BHS,Bahamas,Sanitation,2015,3.40,13197,Unimproved
BIH,Bosnia_and_Herzegovina,Sanitation,2015,71.70,2732156,Basic_service
BIH,Bosnia_and_Herzegovina,Sanitation,2015,0.62,23480,Limited_service
BIH,Bosnia_and_Herzegovina,Sanitation,2015,0.00,0,Open_defecation
BIH,Bosnia_and_Herzegovina,Sanitation,2015,23.08,879436,Safely_managed_service
BIH,Bosnia_and_Herzegovina,Sanitation,2015,4.60,175344,Unimproved
BLR,Belarus,Sanitation,2015,18.02,1711554,Basic_service
BLR,Belarus,Sanitation,2015,4.87,462124,Limited_service
BLR,Belarus,Sanitation,2015,0.00,0,Open_defecation
BLR,Belarus,Sanitation,2015,76.23,7238640,Safely_managed_service
BLR,Belarus,Sanitation,2015,0.88,83508,Unimproved
BLZ,Belize,Sanitation,2015,87.16,313144,At_least_basic
BLZ,Belize,Sanitation,2015,8.95,32171,Limited_service
BLZ,Belize,Sanitation,2015,1.23,4413,Open_defecation
BLZ,Belize,Sanitation,2015,2.66,9558,Unimproved
BMU,Bermuda,Sanitation,2015,99.90,61944,At_least_basic
BMU,Bermuda,Sanitation,2015,0.00,0,Limited_service
BMU,Bermuda,Sanitation,2015,0.00,0,Open_defecation
BMU,Bermuda,Sanitation,2015,0.10,60,Unimproved
BOL,Bolivia_(Plurinational_State_of),Sanitation,2015,33.60,3603866,Basic_service
BOL,Bolivia_(Plurinational_State_of),Sanitation,2015,20.20,2166490,Limited_service
BOL,Bolivia_(Plurinational_State_of),Sanitation,2015,14.49,1554056,Open_defecation
BOL,Bolivia_(Plurinational_State_of),Sanitation,2015,19.01,2038833,Safely_managed_service
BOL,Bolivia_(Plurinational_State_of),Sanitation,2015,12.69,1361460,Unimproved
BRA,Brazil,Sanitation,2015,47.50,98734811,Basic_service
BRA,Brazil,Sanitation,2015,0.84,1736699,Limited_service
BRA,Brazil,Sanitation,2015,1.98,4120995,Open_defecation
BRA,Brazil,Sanitation,2015,38.64,80322416,Safely_managed_service
BRA,Brazil,Sanitation,2015,11.03,22932615,Unimproved
BRB,Barbados,Sanitation,2015,96.46,274143,At_least_basic
BRB,Barbados,Sanitation,2015,1.88,5331,Limited_service
BRB,Barbados,Sanitation,2015,0.83,2358,Open_defecation
BRB,Barbados,Sanitation,2015,0.84,2384,Unimproved
BRN,Brunei_Darussalam,Sanitation,2015,96.33,407659,At_least_basic
BRN,Brunei_Darussalam,Sanitation,2015,0.00,0,Limited_service
BRN,Brunei_Darussalam,Sanitation,2015,2.60,10996,Open_defecation
BRN,Brunei_Darussalam,Sanitation,2015,1.07,4533,Unimproved
BTN,Bhutan,Sanitation,2015,62.87,487140,At_least_basic
BTN,Bhutan,Sanitation,2015,8.39,65012,Limited_service
BTN,Bhutan,Sanitation,2015,0.00,0,Open_defecation
BTN,Bhutan,Sanitation,2015,28.74,222679,Unimproved
BWA,Botswana,Sanitation,2015,59.96,1356493,At_least_basic
BWA,Botswana,Sanitation,2015,7.92,179159,Limited_service
BWA,Botswana,Sanitation,2015,16.86,381380,Open_defecation
BWA,Botswana,Sanitation,2015,15.27,345453,Unimproved
CAF,Central_African_Republic,Sanitation,2015,25.09,1229332,At_least_basic
CAF,Central_African_Republic,Sanitation,2015,14.88,729242,Limited_service
CAF,Central_African_Republic,Sanitation,2015,23.92,1172198,Open_defecation
CAF,Central_African_Republic,Sanitation,2015,36.11,1769502,Unimproved
CAN,Canada,Sanitation,2015,21.72,7804718,Basic_service
CAN,Canada,Sanitation,2015,0.00,0,Limited_service
CAN,Canada,Sanitation,2015,0.00,0,Open_defecation
CAN,Canada,Sanitation,2015,76.78,27596107,Safely_managed_service
CAN,Canada,Sanitation,2015,1.50,539099,Unimproved
CHE,Switzerland,Sanitation,2015,0.90,75003,Basic_service
CHE,Switzerland,Sanitation,2015,0.10,8308,Limited_service
CHE,Switzerland,Sanitation,2015,0.00,0,Open_defecation
CHE,Switzerland,Sanitation,2015,98.99,8214618,Safely_managed_service
CHE,Switzerland,Sanitation,2015,0.01,734,Unimproved
CHI,Channel_Islands,Sanitation,2015,98.50,161237,At_least_basic
CHI,Channel_Islands,Sanitation,2015,0.00,0,Limited_service
CHI,Channel_Islands,Sanitation,2015,0.00,0,Open_defecation
CHI,Channel_Islands,Sanitation,2015,1.50,2455,Unimproved
CHL,Chile,Sanitation,2015,14.41,2586623,Basic_service
CHL,Chile,Sanitation,2015,0.00,0,Limited_service
CHL,Chile,Sanitation,2015,0.11,20064,Open_defecation
CHL,Chile,Sanitation,2015,85.48,15341453,Safely_managed_service
CHL,Chile,Sanitation,2015,0.00,0,Unimproved
CHN,China,Sanitation,2015,15.35,211162177,Basic_service
CHN,China,Sanitation,2015,4.71,64870253,Limited_service
CHN,China,Sanitation,2015,1.51,20734183,Open_defecation
CHN,China,Sanitation,2015,59.69,821387563,Safely_managed_service
CHN,China,Sanitation,2015,18.74,257894849,Unimproved
CIV,Côte_d'Ivoire,Sanitation,2015,29.93,6794993,At_least_basic
CIV,Côte_d'Ivoire,Sanitation,2015,24.19,5491200,Limited_service
CIV,Côte_d'Ivoire,Sanitation,2015,23.66,5370163,Open_defecation
CIV,Côte_d'Ivoire,Sanitation,2015,22.22,5045200,Unimproved
CMR,Cameroon,Sanitation,2015,38.83,9065709,At_least_basic
CMR,Cameroon,Sanitation,2015,18.44,4304618,Limited_service
CMR,Cameroon,Sanitation,2015,7.08,1652966,Open_defecation
CMR,Cameroon,Sanitation,2015,35.64,8320887,Unimproved
COD,Democratic_Republic_of_the_Congo,Sanitation,2015,19.71,15232138,At_least_basic
COD,Democratic_Republic_of_the_Congo,Sanitation,2015,21.04,16256456,Limited_service
COD,Democratic_Republic_of_the_Congo,Sanitation,2015,12.08,9332090,Open_defecation
COD,Democratic_Republic_of_the_Congo,Sanitation,2015,47.17,36446132,Unimproved
COG,Congo,Sanitation,2015,15.01,693481,At_least_basic
COG,Congo,Sanitation,2015,30.49,1408542,Limited_service
COG,Congo,Sanitation,2015,8.04,371576,Open_defecation
COG,Congo,Sanitation,2015,46.46,2146732,Unimproved
COK,Cook_Islands,Sanitation,2015,97.63,20339,At_least_basic
COK,Cook_Islands,Sanitation,2015,0.00,0,Limited_service
COK,Cook_Islands,Sanitation,2015,2.37,494,Unimproved
COL,Colombia,Sanitation,2015,64.83,31266411,Basic_service
COL,Colombia,Sanitation,2015,8.53,4114490,Limited_service
COL,Colombia,Sanitation,2015,3.94,1899896,Open_defecation
COL,Colombia,Sanitation,2015,19.61,9457520,Safely_managed_service
COL,Colombia,Sanitation,2015,3.09,1490387,Unimproved
COM,Comoros,Sanitation,2015,34.17,269390,At_least_basic
COM,Comoros,Sanitation,2015,5.81,45772,Limited_service
COM,Comoros,Sanitation,2015,0.59,4668,Open_defecation
COM,Comoros,Sanitation,2015,59.44,468644,Unimproved
CPV,Cabo_Verde,Sanitation,2015,65.21,339404,At_least_basic
CPV,Cabo_Verde,Sanitation,2015,6.71,34921,Limited_service
CPV,Cabo_Verde,Sanitation,2015,28.08,146177,Open_defecation
CPV,Cabo_Verde,Sanitation,2015,0.00,0,Unimproved
CRI,Costa_Rica,Sanitation,2015,97.15,4670757,At_least_basic
CRI,Costa_Rica,Sanitation,2015,1.00,48071,Limited_service
CRI,Costa_Rica,Sanitation,2015,0.19,9304,Open_defecation
CRI,Costa_Rica,Sanitation,2015,1.66,79718,Unimproved
CUB,Cuba,Sanitation,2015,59.96,6829701,Basic_service
CUB,Cuba,Sanitation,2015,4.91,559604,Limited_service
CUB,Cuba,Sanitation,2015,0.36,41227,Open_defecation
CUB,Cuba,Sanitation,2015,30.85,3514129,Safely_managed_service
CUB,Cuba,Sanitation,2015,3.91,444901,Unimproved
CUW,Curaçao,Sanitation,2015,98.82,155346,At_least_basic
CUW,Curaçao,Sanitation,2015,0.00,0,Limited_service
CUW,Curaçao,Sanitation,2015,0.38,595,Open_defecation
CUW,Curaçao,Sanitation,2015,0.80,1262,Unimproved
CYM,Cayman_Islands,Sanitation,2015,95.55,57298,At_least_basic
CYM,Cayman_Islands,Sanitation,2015,0.00,0,Limited_service
CYM,Cayman_Islands,Sanitation,2015,0.00,0,Open_defecation
CYM,Cayman_Islands,Sanitation,2015,4.45,2669,Unimproved
CYP,Cyprus,Sanitation,2015,23.77,276993,Basic_service
CYP,Cyprus,Sanitation,2015,0.00,0,Limited_service
CYP,Cyprus,Sanitation,2015,0.00,0,Open_defecation
CYP,Cyprus,Sanitation,2015,75.60,880962,Safely_managed_service
CYP,Cyprus,Sanitation,2015,0.63,7345,Unimproved
CZE,Czechia,Sanitation,2015,17.20,1813696,Basic_service
CZE,Czechia,Sanitation,2015,0.85,90111,Limited_service
CZE,Czechia,Sanitation,2015,0.00,0,Open_defecation
CZE,Czechia,Sanitation,2015,81.93,8638414,Safely_managed_service
CZE,Czechia,Sanitation,2015,0.01,966,Unimproved
DEU,Germany,Sanitation,2015,3.74,3016730,Basic_service
DEU,Germany,Sanitation,2015,0.78,630077,Limited_service
DEU,Germany,Sanitation,2015,0.00,0,Open_defecation
DEU,Germany,Sanitation,2015,95.48,77041736,Safely_managed_service
DEU,Germany,Sanitation,2015,0.00,0,Unimproved
DJI,Djibouti,Sanitation,2015,51.38,456166,At_least_basic
DJI,Djibouti,Sanitation,2015,4.04,35866,Limited_service
DJI,Djibouti,Sanitation,2015,22.83,202680,Open_defecation
DJI,Djibouti,Sanitation,2015,21.75,193149,Unimproved
DMA,Dominica,Sanitation,2015,77.89,56612,At_least_basic
DMA,Dominica,Sanitation,2015,3.08,2236,Limited_service
DMA,Dominica,Sanitation,2015,3.75,2728,Open_defecation
DMA,Dominica,Sanitation,2015,15.28,11103,Unimproved
DNK,Denmark,Sanitation,2015,6.39,362371,Basic_service
DNK,Denmark,Sanitation,2015,0.40,22833,Limited_service
DNK,Denmark,Sanitation,2015,0.00,0,Open_defecation
DNK,Denmark,Sanitation,2015,93.21,5283877,Safely_managed_service
DNK,Denmark,Sanitation,2015,0.00,0,Unimproved
DOM,Dominican_Republic,Sanitation,2015,82.70,8706662,At_least_basic
DOM,Dominican_Republic,Sanitation,2015,11.58,1218982,Limited_service
DOM,Dominican_Republic,Sanitation,2015,3.29,345951,Open_defecation
DOM,Dominican_Republic,Sanitation,2015,2.44,256796,Unimproved
DZA,Algeria,Sanitation,2015,68.34,27109474,Basic_service
DZA,Algeria,Sanitation,2015,8.42,3341066,Limited_service
DZA,Algeria,Sanitation,2015,0.80,317589,Open_defecation
DZA,Algeria,Sanitation,2015,19.14,7593847,Safely_managed_service
DZA,Algeria,Sanitation,2015,3.29,1304544,Unimproved
ECU,Ecuador,Sanitation,2015,43.77,7066673,Basic_service
ECU,Ecuador,Sanitation,2015,9.49,1532762,Limited_service
ECU,Ecuador,Sanitation,2015,3.00,484903,Open_defecation
ECU,Ecuador,Sanitation,2015,42.37,6839793,Safely_managed_service
ECU,Ecuador,Sanitation,2015,1.36,220232,Unimproved
EGY,Egypt,Sanitation,2015,32.56,29797952,Basic_service
EGY,Egypt,Sanitation,2015,4.12,3767729,Limited_service
EGY,Egypt,Sanitation,2015,0.07,63145,Open_defecation
EGY,Egypt,Sanitation,2015,60.61,55459658,Safely_managed_service
EGY,Egypt,Sanitation,2015,2.64,2419604,Unimproved
ERI,Eritrea,Sanitation,2015,11.26,588520,At_least_basic
ERI,Eritrea,Sanitation,2015,4.57,238668,Limited_service
ERI,Eritrea,Sanitation,2015,76.03,3974683,Open_defecation
ERI,Eritrea,Sanitation,2015,8.15,425921,Unimproved
ESP,Spain,Sanitation,2015,2.45,1131699,Basic_service
ESP,Spain,Sanitation,2015,0.08,36733,Limited_service
ESP,Spain,Sanitation,2015,0.00,0,Open_defecation
ESP,Spain,Sanitation,2015,97.45,44945891,Safely_managed_service
ESP,Spain,Sanitation,2015,0.02,7378,Unimproved
EST,Estonia,Sanitation,2015,6.71,88009,Basic_service
EST,Estonia,Sanitation,2015,0.31,4096,Limited_service
EST,Estonia,Sanitation,2015,0.00,0,Open_defecation
EST,Estonia,Sanitation,2015,92.90,1219415,Safely_managed_service
EST,Estonia,Sanitation,2015,0.08,1038,Unimproved
ETH,Ethiopia,Sanitation,2015,7.08,7035790,At_least_basic
ETH,Ethiopia,Sanitation,2015,6.84,6799321,Limited_service
ETH,Ethiopia,Sanitation,2015,27.16,26997570,Open_defecation
ETH,Ethiopia,Sanitation,2015,58.92,58558071,Unimproved
FIN,Finland,Sanitation,2015,7.84,431710,Basic_service
FIN,Finland,Sanitation,2015,0.55,30374,Limited_service
FIN,Finland,Sanitation,2015,0.00,0,Open_defecation
FIN,Finland,Sanitation,2015,91.60,5041364,Safely_managed_service
FIN,Finland,Sanitation,2015,0.00,9,Unimproved
FJI,Fiji,Sanitation,2015,95.68,853578,At_least_basic
FJI,Fiji,Sanitation,2015,3.77,33606,Limited_service
FJI,Fiji,Sanitation,2015,0.14,1224,Open_defecation
FJI,Fiji,Sanitation,2015,0.42,3737,Unimproved
FLK,Falkland_Islands_(Malvinas),Sanitation,2015,100.00,2903,At_least_basic
FLK,Falkland_Islands_(Malvinas),Sanitation,2015,0.00,0,Limited_service
FLK,Falkland_Islands_(Malvinas),Sanitation,2015,0.00,0,Open_defecation
FLK,Falkland_Islands_(Malvinas),Sanitation,2015,0.00,0,Unimproved
FRA,France,Sanitation,2015,6.55,4220464,Basic_service
FRA,France,Sanitation,2015,1.35,868047,Limited_service
FRA,France,Sanitation,2015,0.00,0,Open_defecation
FRA,France,Sanitation,2015,92.10,59306833,Safely_managed_service
FRA,France,Sanitation,2015,0.00,0,Unimproved
FRO,Faroe_Islands,Sanitation,2015,90.88,43805,At_least_basic
FRO,Faroe_Islands,Sanitation,2015,0.00,0,Limited_service
FRO,Faroe_Islands,Sanitation,2015,0.00,0,Open_defecation
FRO,Faroe_Islands,Sanitation,2015,9.12,4394,Unimproved
GAB,Gabon,Sanitation,2015,40.93,706169,At_least_basic
GAB,Gabon,Sanitation,2015,33.43,576762,Limited_service
GAB,Gabon,Sanitation,2015,3.03,52214,Open_defecation
GAB,Gabon,Sanitation,2015,22.61,390147,Unimproved
GBR,United_Kingdom_of_Great_Britain_and_Northern_Ireland,Sanitation,2015,1.47,949061,Basic_service
GBR,United_Kingdom_of_Great_Britain_and_Northern_Ireland,Sanitation,2015,0.71,462013,Limited_service
GBR,United_Kingdom_of_Great_Britain_and_Northern_Ireland,Sanitation,2015,0.00,0,Open_defecation
GBR,United_Kingdom_of_Great_Britain_and_Northern_Ireland,Sanitation,2015,97.65,63192530,Safely_managed_service
GBR,United_Kingdom_of_Great_Britain_and_Northern_Ireland,Sanitation,2015,0.17,112204,Unimproved
GEO,Georgia,Sanitation,2015,84.88,3394909,At_least_basic
GEO,Georgia,Sanitation,2015,1.79,71779,Limited_service
GEO,Georgia,Sanitation,2015,0.00,0,Open_defecation
GEO,Georgia,Sanitation,2015,13.33,533123,Unimproved
GHA,Ghana,Sanitation,2015,14.28,3913997,At_least_basic
GHA,Ghana,Sanitation,2015,56.73,15550746,Limited_service
GHA,Ghana,Sanitation,2015,18.75,5138654,Open_defecation
GHA,Ghana,Sanitation,2015,10.24,2806495,Unimproved
GIN,Guinea,Sanitation,2015,21.95,2767872,At_least_basic
GIN,Guinea,Sanitation,2015,28.18,3553428,Limited_service
GIN,Guinea,Sanitation,2015,15.36,1936688,Open_defecation
GIN,Guinea,Sanitation,2015,34.51,4350602,Unimproved
GLP,Guadeloupe,Sanitation,2015,98.79,462767,At_least_basic
GLP,Guadeloupe,Sanitation,2015,0.00,0,Limited_service
GLP,Guadeloupe,Sanitation,2015,0.00,0,Open_defecation
GLP,Guadeloupe,Sanitation,2015,1.21,5683,Unimproved
GMB,Gambia,Sanitation,2015,41.69,830091,At_least_basic
GMB,Gambia,Sanitation,2015,27.69,551376,Limited_service
GMB,Gambia,Sanitation,2015,0.61,12073,Open_defecation
GMB,Gambia,Sanitation,2015,30.01,597383,Unimproved
GNB,Guinea-Bissau,Sanitation,2015,21.47,395903,At_least_basic
GNB,Guinea-Bissau,Sanitation,2015,17.37,320392,Limited_service
GNB,Guinea-Bissau,Sanitation,2015,16.06,296262,Open_defecation
GNB,Guinea-Bissau,Sanitation,2015,45.10,831768,Unimproved
GNQ,Equatorial_Guinea,Sanitation,2015,74.54,629890,At_least_basic
GNQ,Equatorial_Guinea,Sanitation,2015,8.00,67615,Limited_service
GNQ,Equatorial_Guinea,Sanitation,2015,4.42,37363,Open_defecation
GNQ,Equatorial_Guinea,Sanitation,2015,13.04,110192,Unimproved
GRC,Greece,Sanitation,2015,23.72,2598087,Basic_service
GRC,Greece,Sanitation,2015,1.02,112200,Limited_service
GRC,Greece,Sanitation,2015,0.00,0,Open_defecation
GRC,Greece,Sanitation,2015,75.25,8243036,Safely_managed_service
GRC,Greece,Sanitation,2015,0.01,1294,Unimproved
GRD,Grenada,Sanitation,2015,88.30,94329,At_least_basic
GRD,Grenada,Sanitation,2015,5.40,5773,Limited_service
GRD,Grenada,Sanitation,2015,3.54,3783,Open_defecation
GRD,Grenada,Sanitation,2015,2.75,2940,Unimproved
GRL,Greenland,Sanitation,2015,6.26,3518,Basic_service
GRL,Greenland,Sanitation,2015,0.40,226,Limited_service
GRL,Greenland,Sanitation,2015,0.00,0,Open_defecation
GRL,Greenland,Sanitation,2015,93.07,52295,Safely_managed_service
GRL,Greenland,Sanitation,2015,0.26,147,Unimproved
GTM,Guatemala,Sanitation,2015,67.36,11009053,At_least_basic
GTM,Guatemala,Sanitation,2015,8.76,1430878,Limited_service
GTM,Guatemala,Sanitation,2015,5.60,914465,Open_defecation
GTM,Guatemala,Sanitation,2015,18.29,2988501,Unimproved
GUF,French_Guiana,Sanitation,2015,32.19,86464,Basic_service
GUF,French_Guiana,Sanitation,2015,0.00,0,Limited_service
GUF,French_Guiana,Sanitation,2015,0.00,0,Open_defecation
GUF,French_Guiana,Sanitation,2015,57.95,155648,Safely_managed_service
GUF,French_Guiana,Sanitation,2015,9.86,26494,Unimproved
GUM,Guam,Sanitation,2015,90.35,153492,At_least_basic
GUM,Guam,Sanitation,2015,8.82,14983,Limited_service
GUM,Guam,Sanitation,2015,0.73,1246,Open_defecation
GUM,Guam,Sanitation,2015,0.10,164,Unimproved
GUY,Guyana,Sanitation,2015,86.16,660952,At_least_basic
GUY,Guyana,Sanitation,2015,9.32,71486,Limited_service
GUY,Guyana,Sanitation,2015,0.63,4810,Open_defecation
GUY,Guyana,Sanitation,2015,3.89,29837,Unimproved
HKG,"China,_Hong_Kong_Special_Administrative_Region",Sanitation,2015,80.11,5838296,Basic_service
HKG,"China,_Hong_Kong_Special_Administrative_Region",Sanitation,2015,0.00,0,Limited_service
HKG,"China,_Hong_Kong_Special_Administrative_Region",Sanitation,2015,0.00,0,Open_defecation
HKG,"China,_Hong_Kong_Special_Administrative_Region",Sanitation,2015,16.19,1180031,Safely_managed_service
HKG,"China,_Hong_Kong_Special_Administrative_Region",Sanitation,2015,3.70,269655,Unimproved
HND,Honduras,Sanitation,2015,79.78,6441996,At_least_basic
HND,Honduras,Sanitation,2015,8.50,686692,Limited_service
HND,Honduras,Sanitation,2015,7.22,582871,Open_defecation
HND,Honduras,Sanitation,2015,4.50,363501,Unimproved
HRV,Croatia,Sanitation,2015,37.34,1583283,Basic_service
HRV,Croatia,Sanitation,2015,1.54,65154,Limited_service
HRV,Croatia,Sanitation,2015,0.19,8001,Open_defecation
HRV,Croatia,Sanitation,2015,60.13,2549590,Safely_managed_service
HRV,Croatia,Sanitation,2015,0.81,34290,Unimproved
HTI,Haiti,Sanitation,2015,30.54,3271566,At_least_basic
HTI,Haiti,Sanitation,2015,30.71,3289376,Limited_service
HTI,Haiti,Sanitation,2015,19.03,2038127,Open_defecation
HTI,Haiti,Sanitation,2015,19.72,2111998,Unimproved
HUN,Hungary,Sanitation,2015,22.35,2202619,Basic_service
HUN,Hungary,Sanitation,2015,2.01,198132,Limited_service
HUN,Hungary,Sanitation,2015,0.00,0,Open_defecation
HUN,Hungary,Sanitation,2015,75.64,7454272,Safely_managed_service
HUN,Hungary,Sanitation,2015,0.00,0,Unimproved
IDN,Indonesia,Sanitation,2015,67.89,174851333,At_least_basic
IDN,Indonesia,Sanitation,2015,14.61,37640840,Limited_service
IDN,Indonesia,Sanitation,2015,12.45,32063051,Open_defecation
IDN,Indonesia,Sanitation,2015,5.05,13008584,Unimproved
IND,India,Sanitation,2015,44.15,578843514,At_least_basic
IND,India,Sanitation,2015,12.23,160385863,Limited_service
IND,India,Sanitation,2015,39.84,522261058,Open_defecation
IND,India,Sanitation,2015,3.78,49560061,Unimproved
IRL,Ireland,Sanitation,2015,21.91,1027283,Basic_service
IRL,Ireland,Sanitation,2015,7.01,328577,Limited_service
IRL,Ireland,Sanitation,2015,0.00,0,Open_defecation
IRL,Ireland,Sanitation,2015,70.27,3294448,Safely_managed_service
IRL,Ireland,Sanitation,2015,0.81,38157,Unimproved
IRN,Iran_(Islamic_Republic_of),Sanitation,2015,88.29,69845435,At_least_basic
IRN,Iran_(Islamic_Republic_of),Sanitation,2015,9.73,7700348,Limited_service
IRN,Iran_(Islamic_Republic_of),Sanitation,2015,0.54,429752,Open_defecation
IRN,Iran_(Islamic_Republic_of),Sanitation,2015,1.43,1133737,Unimproved
IRQ,Iraq,Sanitation,2015,53.72,19567371,Basic_service
IRQ,Iraq,Sanitation,2015,10.30,3751422,Limited_service
IRQ,Iraq,Sanitation,2015,0.02,6952,Open_defecation
IRQ,Iraq,Sanitation,2015,31.94,11632655,Safely_managed_service
IRQ,Iraq,Sanitation,2015,4.02,1464997,Unimproved
ISL,Iceland,Sanitation,2015,29.88,98431,Basic_service
ISL,Iceland,Sanitation,2015,1.22,4027,Limited_service
ISL,Iceland,Sanitation,2015,0.00,0,Open_defecation
ISL,Iceland,Sanitation,2015,68.90,226967,Safely_managed_service
ISL,Iceland,Sanitation,2015,0.00,0,Unimproved
ISR,Israel,Sanitation,2015,6.72,541870,Basic_service
ISR,Israel,Sanitation,2015,0.00,0,Limited_service
ISR,Israel,Sanitation,2015,0.00,0,Open_defecation
ISR,Israel,Sanitation,2015,93.28,7522166,Safely_managed_service
ISR,Israel,Sanitation,2015,0.00,0,Unimproved
ITA,Italy,Sanitation,2015,3.86,2305255,Basic_service
ITA,Italy,Sanitation,2015,0.10,59809,Limited_service
ITA,Italy,Sanitation,2015,0.00,0,Open_defecation
ITA,Italy,Sanitation,2015,95.43,57062749,Safely_managed_service
ITA,Italy,Sanitation,2015,0.62,369870,Unimproved
JAM,Jamaica,Sanitation,2015,85.37,2384774,At_least_basic
JAM,Jamaica,Sanitation,2015,13.31,371864,Limited_service
JAM,Jamaica,Sanitation,2015,0.74,20802,Open_defecation
JAM,Jamaica,Sanitation,2015,0.57,15896,Unimproved
JOR,Jordan,Sanitation,2015,19.45,1476841,Basic_service
JOR,Jordan,Sanitation,2015,1.23,93230,Limited_service
JOR,Jordan,Sanitation,2015,0.01,932,Open_defecation
JOR,Jordan,Sanitation,2015,77.26,5867698,Safely_managed_service
JOR,Jordan,Sanitation,2015,2.05,155846,Unimproved
JPN,Japan,Sanitation,2015,0.20,255307,Basic_service
JPN,Japan,Sanitation,2015,0.00,0,Limited_service
JPN,Japan,Sanitation,2015,0.00,0,Open_defecation
JPN,Japan,Sanitation,2015,99.80,126318181,Safely_managed_service
JPN,Japan,Sanitation,2015,0.00,0,Unimproved
KAZ,Kazakhstan,Sanitation,2015,97.81,17238407,At_least_basic
KAZ,Kazakhstan,Sanitation,2015,1.95,343801,Limited_service
KAZ,Kazakhstan,Sanitation,2015,0.01,1689,Open_defecation
KAZ,Kazakhstan,Sanitation,2015,0.23,41330,Unimproved
KEN,Kenya,Sanitation,2015,29.84,13743565,At_least_basic
KEN,Kenya,Sanitation,2015,21.42,9862376,Limited_service
KEN,Kenya,Sanitation,2015,12.03,5542094,Open_defecation
KEN,Kenya,Sanitation,2015,36.70,16902265,Unimproved
KGZ,Kyrgyzstan,Sanitation,2015,96.59,5737176,At_least_basic
KGZ,Kyrgyzstan,Sanitation,2015,3.19,189260,Limited_service
KGZ,Kyrgyzstan,Sanitation,2015,0.00,0,Open_defecation
KGZ,Kyrgyzstan,Sanitation,2015,0.23,13526,Unimproved
KHM,Cambodia,Sanitation,2015,48.83,7605979,At_least_basic
KHM,Cambodia,Sanitation,2015,7.63,1188884,Limited_service
KHM,Cambodia,Sanitation,2015,40.57,6319829,Open_defecation
KHM,Cambodia,Sanitation,2015,2.97,463207,Unimproved
KIR,Kiribati,Sanitation,2015,39.77,44714,At_least_basic
KIR,Kiribati,Sanitation,2015,8.35,9389,Limited_service
KIR,Kiribati,Sanitation,2015,34.65,38949,Open_defecation
KIR,Kiribati,Sanitation,2015,17.23,19371,Unimproved
KOR,Republic_of_Korea,Sanitation,2015,1.42,716620,Basic_service
KOR,Republic_of_Korea,Sanitation,2015,0.00,0,Limited_service
KOR,Republic_of_Korea,Sanitation,2015,0.00,0,Open_defecation
KOR,Republic_of_Korea,Sanitation,2015,98.46,49520254,Safely_managed_service
KOR,Republic_of_Korea,Sanitation,2015,0.11,56561,Unimproved
KWT,Kuwait,Sanitation,2015,0.00,0,Basic_service
KWT,Kuwait,Sanitation,2015,0.00,0,Limited_service
KWT,Kuwait,Sanitation,2015,0.00,0,Open_defecation
KWT,Kuwait,Sanitation,2015,100.00,3892115,Safely_managed_service
KWT,Kuwait,Sanitation,2015,0.00,0,Unimproved
LAO,Lao_People's_Democratic_Republic,Sanitation,2015,72.59,4937880,At_least_basic
LAO,Lao_People's_Democratic_Republic,Sanitation,2015,2.64,179401,Limited_service
LAO,Lao_People's_Democratic_Republic,Sanitation,2015,22.07,1501104,Open_defecation
LAO,Lao_People's_Democratic_Republic,Sanitation,2015,2.70,183639,Unimproved
LBN,Lebanon,Sanitation,2015,75.29,4404994,Basic_service
LBN,Lebanon,Sanitation,2015,1.45,84963,Limited_service
LBN,Lebanon,Sanitation,2015,0.04,2138,Open_defecation
LBN,Lebanon,Sanitation,2015,20.07,1174237,Safely_managed_service
LBN,Lebanon,Sanitation,2015,3.15,184411,Unimproved
LBR,Liberia,Sanitation,2015,16.89,760607,At_least_basic
LBR,Liberia,Sanitation,2015,24.97,1124404,Limited_service
LBR,Liberia,Sanitation,2015,42.26,1903060,Open_defecation
LBR,Liberia,Sanitation,2015,15.88,715367,Unimproved
LBY,Libya,Sanitation,2015,73.45,4611353,Basic_service
LBY,Libya,Sanitation,2015,0.00,0,Limited_service
LBY,Libya,Sanitation,2015,0.00,0,Open_defecation
LBY,Libya,Sanitation,2015,26.25,1648250,Safely_managed_service
LBY,Libya,Sanitation,2015,0.30,18835,Unimproved
LCA,Saint_Lucia,Sanitation,2015,90.91,168179,At_least_basic
LCA,Saint_Lucia,Sanitation,2015,8.28,15316,Limited_service
LCA,Saint_Lucia,Sanitation,2015,0.79,1466,Open_defecation
LCA,Saint_Lucia,Sanitation,2015,0.02,38,Unimproved
LIE,Liechtenstein,Sanitation,2015,0.63,235,Basic_service
LIE,Liechtenstein,Sanitation,2015,0.00,0,Limited_service
LIE,Liechtenstein,Sanitation,2015,0.00,0,Open_defecation
LIE,Liechtenstein,Sanitation,2015,99.33,37278,Safely_managed_service
LIE,Liechtenstein,Sanitation,2015,0.05,19,Unimproved
LKA,Sri_Lanka,Sanitation,2015,94.21,19514922,At_least_basic
LKA,Sri_Lanka,Sanitation,2015,2.73,566115,Limited_service
LKA,Sri_Lanka,Sanitation,2015,2.65,548572,Open_defecation
LKA,Sri_Lanka,Sanitation,2015,0.41,85401,Unimproved
LSO,Lesotho,Sanitation,2015,43.79,934950,At_least_basic
LSO,Lesotho,Sanitation,2015,17.22,367593,Limited_service
LSO,Lesotho,Sanitation,2015,30.04,641442,Open_defecation
LSO,Lesotho,Sanitation,2015,8.95,191037,Unimproved
LTU,Lithuania,Sanitation,2015,32.42,933173,Basic_service
LTU,Lithuania,Sanitation,2015,2.12,60923,Limited_service
LTU,Lithuania,Sanitation,2015,0.00,0,Open_defecation
LTU,Lithuania,Sanitation,2015,61.20,1761643,Safely_managed_service
LTU,Lithuania,Sanitation,2015,4.26,122666,Unimproved
LUX,Luxembourg,Sanitation,2015,3.92,22257,Basic_service
LUX,Luxembourg,Sanitation,2015,2.36,13400,Limited_service
LUX,Luxembourg,Sanitation,2015,0.00,0,Open_defecation
LUX,Luxembourg,Sanitation,2015,93.69,531305,Safely_managed_service
LUX,Luxembourg,Sanitation,2015,0.03,148,Unimproved
LVA,Latvia,Sanitation,2015,14.49,285486,Basic_service
LVA,Latvia,Sanitation,2015,0.94,18608,Limited_service
LVA,Latvia,Sanitation,2015,0.00,0,Open_defecation
LVA,Latvia,Sanitation,2015,78.38,1544402,Safely_managed_service
LVA,Latvia,Sanitation,2015,6.19,122007,Unimproved
MAR,Morocco,Sanitation,2015,45.39,15602799,Basic_service
MAR,Morocco,Sanitation,2015,7.65,2629321,Limited_service
MAR,Morocco,Sanitation,2015,7.58,2606202,Open_defecation
MAR,Morocco,Sanitation,2015,38.08,13090759,Safely_managed_service
MAR,Morocco,Sanitation,2015,1.30,448431,Unimproved
MCO,Monaco,Sanitation,2015,0.00,0,Basic_service
MCO,Monaco,Sanitation,2015,0.00,0,Limited_service
MCO,Monaco,Sanitation,2015,0.00,0,Open_defecation
MCO,Monaco,Sanitation,2015,100.00,37731,Safely_managed_service
MCO,Monaco,Sanitation,2015,0.00,0,Unimproved
MDA,Republic_of_Moldova,Sanitation,2015,78.40,3189972,At_least_basic
MDA,Republic_of_Moldova,Sanitation,2015,7.69,312960,Limited_service
MDA,Republic_of_Moldova,Sanitation,2015,0.13,5222,Open_defecation
MDA,Republic_of_Moldova,Sanitation,2015,13.78,560742,Unimproved
MDG,Madagascar,Sanitation,2015,9.69,2349298,At_least_basic
MDG,Madagascar,Sanitation,2015,14.49,3512766,Limited_service
MDG,Madagascar,Sanitation,2015,43.93,10645915,Open_defecation
MDG,Madagascar,Sanitation,2015,31.88,7727411,Unimproved
MDV,Maldives,Sanitation,2015,95.87,348634,At_least_basic
MDV,Maldives,Sanitation,2015,1.92,6970,Limited_service
MDV,Maldives,Sanitation,2015,0.02,74,Open_defecation
MDV,Maldives,Sanitation,2015,2.19,7979,Unimproved
MEX,Mexico,Sanitation,2015,44.06,55960949,Basic_service
MEX,Mexico,Sanitation,2015,7.28,9250874,Limited_service
MEX,Mexico,Sanitation,2015,1.68,2129930,Open_defecation
MEX,Mexico,Sanitation,2015,45.16,57361776,Safely_managed_service
MEX,Mexico,Sanitation,2015,1.82,2313694,Unimproved
MHL,Marshall_Islands,Sanitation,2015,86.89,46047,At_least_basic
MHL,Marshall_Islands,Sanitation,2015,0.12,63,Limited_service
MHL,Marshall_Islands,Sanitation,2015,10.60,5618,Open_defecation
MHL,Marshall_Islands,Sanitation,2015,2.39,1264,Unimproved
MKD,The_former_Yugoslav_Republic_of_Macedonia,Sanitation,2015,90.91,1889547,At_least_basic
MKD,The_former_Yugoslav_Republic_of_Macedonia,Sanitation,2015,3.53,73358,Limited_service
MKD,The_former_Yugoslav_Republic_of_Macedonia,Sanitation,2015,0.69,14443,Open_defecation
MKD,The_former_Yugoslav_Republic_of_Macedonia,Sanitation,2015,4.86,101104,Unimproved
MLI,Mali,Sanitation,2015,31.27,5503131,At_least_basic
MLI,Mali,Sanitation,2015,20.55,3617413,Limited_service
MLI,Mali,Sanitation,2015,8.05,1417383,Open_defecation
MLI,Mali,Sanitation,2015,40.12,7061766,Unimproved
MLT,Malta,Sanitation,2015,6.93,29017,Basic_service
MLT,Malta,Sanitation,2015,0.00,0,Limited_service
MLT,Malta,Sanitation,2015,0.00,0,Open_defecation
MLT,Malta,Sanitation,2015,93.03,389492,Safely_managed_service
MLT,Malta,Sanitation,2015,0.04,162,Unimproved
MMR,Myanmar,Sanitation,2015,64.70,34869557,At_least_basic
MMR,Myanmar,Sanitation,2015,10.69,5763838,Limited_service
MMR,Myanmar,Sanitation,2015,4.67,2518586,Open_defecation
MMR,Myanmar,Sanitation,2015,19.94,10745172,Unimproved
MNE,Montenegro,Sanitation,2015,95.91,600178,At_least_basic
MNE,Montenegro,Sanitation,2015,1.89,11827,Limited_service
MNE,Montenegro,Sanitation,2015,0.06,353,Open_defecation
MNE,Montenegro,Sanitation,2015,2.14,13423,Unimproved
MNG,Mongolia,Sanitation,2015,59.22,1752444,At_least_basic
MNG,Mongolia,Sanitation,2015,31.12,920869,Limited_service
MNG,Mongolia,Sanitation,2015,9.66,285820,Open_defecation
MNG,Mongolia,Sanitation,2015,0.00,0,Unimproved
MNP,Northern_Mariana_Islands,Sanitation,2015,78.84,43416,At_least_basic
MNP,Northern_Mariana_Islands,Sanitation,2015,18.75,10325,Limited_service
MNP,Northern_Mariana_Islands,Sanitation,2015,0.23,129,Open_defecation
MNP,Northern_Mariana_Islands,Sanitation,2015,2.18,1200,Unimproved
MOZ,Mozambique,Sanitation,2015,23.56,6591790,At_least_basic
MOZ,Mozambique,Sanitation,2015,4.59,1283412,Limited_service
MOZ,Mozambique,Sanitation,2015,35.99,10068002,Open_defecation
MOZ,Mozambique,Sanitation,2015,35.87,10034660,Unimproved
MRT,Mauritania,Sanitation,2015,44.62,1814972,At_least_basic
MRT,Mauritania,Sanitation,2015,12.44,506061,Limited_service
MRT,Mauritania,Sanitation,2015,30.11,1224868,Open_defecation
MRT,Mauritania,Sanitation,2015,12.82,521662,Unimproved
MSR,Montserrat,Sanitation,2015,88.75,4549,At_least_basic
MSR,Montserrat,Sanitation,2015,10.51,539,Limited_service
MSR,Montserrat,Sanitation,2015,0.74,38,Unimproved
MTQ,Martinique,Sanitation,2015,99.38,393950,At_least_basic
MTQ,Martinique,Sanitation,2015,0.00,0,Limited_service
MTQ,Martinique,Sanitation,2015,0.00,0,Open_defecation
MTQ,Martinique,Sanitation,2015,0.62,2475,Unimproved
MUS,Mauritius,Sanitation,2015,93.15,1185986,At_least_basic
MUS,Mauritius,Sanitation,2015,6.31,80335,Limited_service
MUS,Mauritius,Sanitation,2015,0.14,1812,Open_defecation
MUS,Mauritius,Sanitation,2015,0.40,5079,Unimproved
MWI,Malawi,Sanitation,2015,43.53,7493723,At_least_basic
MWI,Malawi,Sanitation,2015,23.21,3995854,Limited_service
MWI,Malawi,Sanitation,2015,6.47,1113622,Open_defecation
MWI,Malawi,Sanitation,2015,26.79,4612034,Unimproved
MYS,Malaysia,Sanitation,2015,17.65,5352731,Basic_service
MYS,Malaysia,Sanitation,2015,0.04,12048,Limited_service
MYS,Malaysia,Sanitation,2015,0.35,105778,Open_defecation
MYS,Malaysia,Sanitation,2015,81.93,24849069,Safely_managed_service
MYS,Malaysia,Sanitation,2015,0.04,11382,Unimproved
MYT,Mayotte,Sanitation,2015,76.88,184516,At_least_basic
MYT,Mayotte,Sanitation,2015,0.00,0,Limited_service
MYT,Mayotte,Sanitation,2015,0.00,0,Open_defecation
MYT,Mayotte,Sanitation,2015,23.12,55499,Unimproved
NAM,Namibia,Sanitation,2015,33.84,831989,At_least_basic
NAM,Namibia,Sanitation,2015,11.42,280755,Limited_service
NAM,Namibia,Sanitation,2015,49.88,1226409,Open_defecation
NAM,Namibia,Sanitation,2015,4.87,119677,Unimproved
NCL,New_Caledonia,Sanitation,2015,100.00,263118,At_least_basic
NCL,New_Caledonia,Sanitation,2015,0.00,0,Limited_service
NCL,New_Caledonia,Sanitation,2015,0.00,0,Open_defecation
NCL,New_Caledonia,Sanitation,2015,0.00,0,Unimproved
NER,Niger,Sanitation,2015,4.41,876590,Basic_service
NER,Niger,Sanitation,2015,7.74,1539841,Limited_service
NER,Niger,Sanitation,2015,71.31,14190017,Open_defecation
NER,Niger,Sanitation,2015,8.53,1697825,Safely_managed_service
NER,Niger,Sanitation,2015,8.01,1594847,Unimproved
NGA,Nigeria,Sanitation,2015,32.60,59399585,At_least_basic
NGA,Nigeria,Sanitation,2015,21.62,39399203,Limited_service
NGA,Nigeria,Sanitation,2015,25.54,46529909,Open_defecation
NGA,Nigeria,Sanitation,2015,20.24,36873270,Unimproved
NIC,Nicaragua,Sanitation,2015,76.35,4643582,At_least_basic
NIC,Nicaragua,Sanitation,2015,2.84,173032,Limited_service
NIC,Nicaragua,Sanitation,2015,6.97,423720,Open_defecation
NIC,Nicaragua,Sanitation,2015,13.84,841698,Unimproved
NIU,Niue,Sanitation,2015,96.77,1558,At_least_basic
NIU,Niue,Sanitation,2015,0.00,0,Limited_service
NIU,Niue,Sanitation,2015,0.00,0,Open_defecation
NIU,Niue,Sanitation,2015,3.23,52,Unimproved
NLD,Netherlands,Sanitation,2015,0.27,45823,Basic_service
NLD,Netherlands,Sanitation,2015,2.27,384520,Limited_service
NLD,Netherlands,Sanitation,2015,0.00,0,Open_defecation
NLD,Netherlands,Sanitation,2015,97.46,16494398,Safely_managed_service
NLD,Netherlands,Sanitation,2015,0.00,190,Unimproved
NOR,Norway,Sanitation,2015,19.61,1022036,Basic_service
NOR,Norway,Sanitation,2015,1.94,101167,Limited_service
NOR,Norway,Sanitation,2015,0.00,0,Open_defecation
NOR,Norway,Sanitation,2015,78.45,4087764,Safely_managed_service
NOR,Norway,Sanitation,2015,0.00,0,Unimproved
NPL,Nepal,Sanitation,2015,46.13,13152398,At_least_basic
NPL,Nepal,Sanitation,2015,19.20,5473470,Limited_service
NPL,Nepal,Sanitation,2015,29.83,8504753,Open_defecation
NPL,Nepal,Sanitation,2015,4.85,1383079,Unimproved
NRU,Nauru,Sanitation,2015,65.60,6705,At_least_basic
NRU,Nauru,Sanitation,2015,30.73,3141,Limited_service
NRU,Nauru,Sanitation,2015,2.59,265,Open_defecation
NRU,Nauru,Sanitation,2015,1.09,111,Unimproved
NZL,New_Zealand,Sanitation,2015,24.07,1089937,Basic_service
NZL,New_Zealand,Sanitation,2015,0.00,0,Limited_service
NZL,New_Zealand,Sanitation,2015,0.00,0,Open_defecation
NZL,New_Zealand,Sanitation,2015,75.93,3438589,Safely_managed_service
NZL,New_Zealand,Sanitation,2015,0.00,0,Unimproved
OMN,Oman,Sanitation,2015,99.32,4459919,At_least_basic
OMN,Oman,Sanitation,2015,0.68,30622,Limited_service
OMN,Oman,Sanitation,2015,0.00,0,Open_defecation
OMN,Oman,Sanitation,2015,0.00,0,Unimproved
PAK,Pakistan,Sanitation,2015,58.25,110051396,At_least_basic
PAK,Pakistan,Sanitation,2015,8.45,15954703,Limited_service
PAK,Pakistan,Sanitation,2015,11.55,21813413,Open_defecation
PAK,Pakistan,Sanitation,2015,21.76,41105368,Unimproved
PAN,Panama,Sanitation,2015,76.87,3020214,At_least_basic
PAN,Panama,Sanitation,2015,7.34,288560,Limited_service
PAN,Panama,Sanitation,2015,3.39,133192,Open_defecation
PAN,Panama,Sanitation,2015,12.40,487175,Unimproved
PER,Peru,Sanitation,2015,46.56,14609280,Basic_service
PER,Peru,Sanitation,2015,8.84,2772438,Limited_service
PER,Peru,Sanitation,2015,7.28,2284278,Open_defecation
PER,Peru,Sanitation,2015,30.25,9492874,Safely_managed_service
PER,Peru,Sanitation,2015,7.07,2217799,Unimproved
PHL,Philippines,Sanitation,2015,74.98,75501293,At_least_basic
PHL,Philippines,Sanitation,2015,16.54,16657544,Limited_service
PHL,Philippines,Sanitation,2015,5.74,5779072,Open_defecation
PHL,Philippines,Sanitation,2015,2.74,2761491,Unimproved
PLW,Palau,Sanitation,2015,80.38,17114,Basic_service
PLW,Palau,Sanitation,2015,0.00,0,Limited_service
PLW,Palau,Sanitation,2015,0.00,0,Open_defecation
PLW,Palau,Sanitation,2015,19.62,4177,Safely_managed_service
PLW,Palau,Sanitation,2015,0.00,0,Unimproved
PNG,Papua_New_Guinea,Sanitation,2015,18.60,1417511,At_least_basic
PNG,Papua_New_Guinea,Sanitation,2015,3.41,259453,Limited_service
PNG,Papua_New_Guinea,Sanitation,2015,12.91,983714,Open_defecation
PNG,Papua_New_Guinea,Sanitation,2015,65.08,4958643,Unimproved
POL,Poland,Sanitation,2015,20.99,8106149,Basic_service
POL,Poland,Sanitation,2015,1.04,400248,Limited_service
POL,Poland,Sanitation,2015,0.00,0,Open_defecation
POL,Poland,Sanitation,2015,77.14,29784650,Safely_managed_service
POL,Poland,Sanitation,2015,0.83,320745,Unimproved
PRI,Puerto_Rico,Sanitation,2015,65.04,2395486,Basic_service
PRI,Puerto_Rico,Sanitation,2015,0.00,0,Limited_service
PRI,Puerto_Rico,Sanitation,2015,0.00,0,Open_defecation
PRI,Puerto_Rico,Sanitation,2015,32.12,1183047,Safely_managed_service
PRI,Puerto_Rico,Sanitation,2015,2.84,104704,Unimproved
PRK,Democratic_People's_Republic_of_Korea,Sanitation,2015,77.13,19403465,At_least_basic
PRK,Democratic_People's_Republic_of_Korea,Sanitation,2015,4.47,1125163,Limited_service
PRK,Democratic_People's_Republic_of_Korea,Sanitation,2015,0.00,0,Open_defecation
PRK,Democratic_People's_Republic_of_Korea,Sanitation,2015,18.39,4626687,Unimproved
PRT,Portugal,Sanitation,2015,37.77,3909284,Basic_service
PRT,Portugal,Sanitation,2015,0.33,34178,Limited_service
PRT,Portugal,Sanitation,2015,0.00,0,Open_defecation
PRT,Portugal,Sanitation,2015,61.67,6382782,Safely_managed_service
PRT,Portugal,Sanitation,2015,0.23,23559,Unimproved
PRY,Paraguay,Sanitation,2015,91.22,6056356,At_least_basic
PRY,Paraguay,Sanitation,2015,0.03,2054,Limited_service
PRY,Paraguay,Sanitation,2015,0.38,25092,Open_defecation
PRY,Paraguay,Sanitation,2015,8.37,555621,Unimproved
PSE,West_Bank_and_Gaza_Strip,Sanitation,2015,35.69,1666033,Basic_service
PSE,West_Bank_and_Gaza_Strip,Sanitation,2015,3.77,175773,Limited_service
PSE,West_Bank_and_Gaza_Strip,Sanitation,2015,0.28,12884,Open_defecation
PSE,West_Bank_and_Gaza_Strip,Sanitation,2015,60.26,2813437,Safely_managed_service
PSE,West_Bank_and_Gaza_Strip,Sanitation,2015,0.01,339,Unimproved
PYF,French_Polynesia,Sanitation,2015,96.85,273870,At_least_basic
PYF,French_Polynesia,Sanitation,2015,0.00,0,Limited_service
PYF,French_Polynesia,Sanitation,2015,3.15,8894,Unimproved
QAT,Qatar,Sanitation,2015,11.55,258184,Basic_service
QAT,Qatar,Sanitation,2015,0.00,0,Limited_service
QAT,Qatar,Sanitation,2015,0.00,0,Open_defecation
QAT,Qatar,Sanitation,2015,88.45,1977171,Safely_managed_service
QAT,Qatar,Sanitation,2015,0.00,0,Unimproved
REU,Réunion,Sanitation,2015,98.98,852327,At_least_basic
REU,Réunion,Sanitation,2015,0.00,0,Limited_service
REU,Réunion,Sanitation,2015,0.00,0,Open_defecation
REU,Réunion,Sanitation,2015,1.03,8827,Unimproved
ROU,Romania,Sanitation,2015,24.73,4824828,Basic_service
ROU,Romania,Sanitation,2015,0.24,45920,Limited_service
ROU,Romania,Sanitation,2015,0.00,0,Open_defecation
ROU,Romania,Sanitation,2015,57.08,11137916,Safely_managed_service
ROU,Romania,Sanitation,2015,17.95,3502660,Unimproved
RUS,Russian_Federation,Sanitation,2015,88.79,127370669,At_least_basic
RUS,Russian_Federation,Sanitation,2015,0.00,0,Limited_service
RUS,Russian_Federation,Sanitation,2015,0.00,0,Open_defecation
RUS,Russian_Federation,Sanitation,2015,11.21,16086259,Unimproved
RWA,Rwanda,Sanitation,2015,62.35,7238374,At_least_basic
RWA,Rwanda,Sanitation,2015,13.86,1609276,Limited_service
RWA,Rwanda,Sanitation,2015,2.12,246256,Open_defecation
RWA,Rwanda,Sanitation,2015,21.67,2515760,Unimproved
SAU,Saudi_Arabia,Sanitation,2015,15.50,4889439,Basic_service
SAU,Saudi_Arabia,Sanitation,2015,0.00,0,Limited_service
SAU,Saudi_Arabia,Sanitation,2015,0.00,0,Open_defecation
SAU,Saudi_Arabia,Sanitation,2015,84.50,26650933,Safely_managed_service
SAU,Saudi_Arabia,Sanitation,2015,0.00,0,Unimproved
SDN,Sudan,Sanitation,2015,34.59,13915679,At_least_basic
SDN,Sudan,Sanitation,2015,8.56,3444800,Limited_service
SDN,Sudan,Sanitation,2015,26.67,10728934,Open_defecation
SDN,Sudan,Sanitation,2015,30.19,12145471,Unimproved
SEN,Senegal,Sanitation,2015,24.25,3669286,Basic_service
SEN,Senegal,Sanitation,2015,14.86,2248265,Limited_service
SEN,Senegal,Sanitation,2015,15.11,2286259,Open_defecation
SEN,Senegal,Sanitation,2015,24.11,3646948,Safely_managed_service
SEN,Senegal,Sanitation,2015,21.67,3278515,Unimproved
SGP,Singapore,Sanitation,2015,0.00,0,Basic_service
SGP,Singapore,Sanitation,2015,0.00,0,Limited_service
SGP,Singapore,Sanitation,2015,0.00,0,Open_defecation
SGP,Singapore,Sanitation,2015,100.00,5603740,Safely_managed_service
SGP,Singapore,Sanitation,2015,0.00,0,Unimproved
SHN,Saint_Helena,Sanitation,2015,99.89,3957,At_least_basic
SHN,Saint_Helena,Sanitation,2015,0.00,0,Limited_service
SHN,Saint_Helena,Sanitation,2015,0.00,0,Open_defecation
SHN,Saint_Helena,Sanitation,2015,0.11,4,Unimproved
SLB,Solomon_Islands,Sanitation,2015,31.27,182472,At_least_basic
SLB,Solomon_Islands,Sanitation,2015,5.11,29810,Limited_service
SLB,Solomon_Islands,Sanitation,2015,41.05,239588,Open_defecation
SLB,Solomon_Islands,Sanitation,2015,22.57,131722,Unimproved
SLE,Sierra_Leone,Sanitation,2015,14.54,938027,At_least_basic
SLE,Sierra_Leone,Sanitation,2015,34.23,2208766,Limited_service
SLE,Sierra_Leone,Sanitation,2015,18.81,1214052,Open_defecation
SLE,Sierra_Leone,Sanitation,2015,32.42,2092339,Unimproved
SLV,El_Salvador,Sanitation,2015,91.13,5582853,At_least_basic
SLV,El_Salvador,Sanitation,2015,6.55,401262,Limited_service
SLV,El_Salvador,Sanitation,2015,1.56,95313,Open_defecation
SLV,El_Salvador,Sanitation,2015,0.77,47155,Unimproved
SMR,San_Marino,Sanitation,2015,22.13,7033,Basic_service
SMR,San_Marino,Sanitation,2015,0.00,0,Limited_service
SMR,San_Marino,Sanitation,2015,0.00,0,Open_defecation
SMR,San_Marino,Sanitation,2015,77.87,24748,Safely_managed_service
SMR,San_Marino,Sanitation,2015,0.00,0,Unimproved
SOM,Somalia,Sanitation,2015,2.11,227196,Basic_service
SOM,Somalia,Sanitation,2015,10.52,1134832,Limited_service
SOM,Somalia,Sanitation,2015,39.10,4217618,Open_defecation
SOM,Somalia,Sanitation,2015,14.09,1519389,Safely_managed_service
SOM,Somalia,Sanitation,2015,34.19,3688069,Unimproved
SRB,Serbia,Sanitation,2015,70.62,6250646,Basic_service
SRB,Serbia,Sanitation,2015,1.26,111194,Limited_service
SRB,Serbia,Sanitation,2015,0.07,6393,Open_defecation
SRB,Serbia,Sanitation,2015,24.02,2126173,Safely_managed_service
SRB,Serbia,Sanitation,2015,4.03,356569,Unimproved
SSD,South_Sudan,Sanitation,2015,10.35,1277184,At_least_basic
SSD,South_Sudan,Sanitation,2015,9.13,1126315,Limited_service
SSD,South_Sudan,Sanitation,2015,60.90,7514930,Open_defecation
SSD,South_Sudan,Sanitation,2015,19.62,2421383,Unimproved
STP,Sao_Tome_and_Principe,Sanitation,2015,40.10,76333,At_least_basic
STP,Sao_Tome_and_Principe,Sanitation,2015,6.38,12148,Limited_service
STP,Sao_Tome_and_Principe,Sanitation,2015,49.79,94775,Open_defecation
STP,Sao_Tome_and_Principe,Sanitation,2015,3.72,7088,Unimproved
SUR,Suriname,Sanitation,2015,79.22,430140,At_least_basic
SUR,Suriname,Sanitation,2015,9.67,52510,Limited_service
SUR,Suriname,Sanitation,2015,6.32,34296,Open_defecation
SUR,Suriname,Sanitation,2015,4.79,26029,Unimproved
SVK,Slovakia,Sanitation,2015,17.23,934957,Basic_service
SVK,Slovakia,Sanitation,2015,1.01,54822,Limited_service
SVK,Slovakia,Sanitation,2015,0.00,0,Open_defecation
SVK,Slovakia,Sanitation,2015,81.70,4433141,Safely_managed_service
SVK,Slovakia,Sanitation,2015,0.06,3338,Unimproved
SVN,Slovenia,Sanitation,2015,23.38,483450,Basic_service
SVN,Slovenia,Sanitation,2015,0.89,18457,Limited_service
SVN,Slovenia,Sanitation,2015,0.00,0,Open_defecation
SVN,Slovenia,Sanitation,2015,75.72,1565619,Safely_managed_service
SVN,Slovenia,Sanitation,2015,0.00,0,Unimproved
SWE,Sweden,Sanitation,2015,6.99,683846,Basic_service
SWE,Sweden,Sanitation,2015,0.69,67795,Limited_service
SWE,Sweden,Sanitation,2015,0.00,0,Open_defecation
SWE,Sweden,Sanitation,2015,92.31,9027470,Safely_managed_service
SWE,Sweden,Sanitation,2015,0.00,316,Unimproved
SWZ,Swaziland,Sanitation,2015,58.03,746775,At_least_basic
SWZ,Swaziland,Sanitation,2015,23.73,305455,Limited_service
SWZ,Swaziland,Sanitation,2015,10.94,140773,Open_defecation
SWZ,Swaziland,Sanitation,2015,7.30,93966,Unimproved
SXM,Sint_Maarten_(Dutch_part),Sanitation,2015,98.72,38249,At_least_basic
SXM,Sint_Maarten_(Dutch_part),Sanitation,2015,0.00,0,Limited_service
SXM,Sint_Maarten_(Dutch_part),Sanitation,2015,0.19,73,Open_defecation
SXM,Sint_Maarten_(Dutch_part),Sanitation,2015,1.09,423,Unimproved
SYC,Seychelles,Sanitation,2015,100.00,96471,At_least_basic
SYC,Seychelles,Sanitation,2015,0.00,0,Limited_service
SYC,Seychelles,Sanitation,2015,0.00,0,Open_defecation
SYC,Seychelles,Sanitation,2015,0.00,0,Unimproved
SYR,Syrian_Arab_Republic,Sanitation,2015,92.95,17197465,At_least_basic
SYR,Syrian_Arab_Republic,Sanitation,2015,4.18,774084,Limited_service
SYR,Syrian_Arab_Republic,Sanitation,2015,0.81,150523,Open_defecation
SYR,Syrian_Arab_Republic,Sanitation,2015,2.06,380340,Unimproved
TCA,Turks_and_Caicos_Islands,Sanitation,2015,87.99,30214,At_least_basic
TCA,Turks_and_Caicos_Islands,Sanitation,2015,0.00,0,Limited_service
TCA,Turks_and_Caicos_Islands,Sanitation,2015,1.60,551,Open_defecation
TCA,Turks_and_Caicos_Islands,Sanitation,2015,10.41,3574,Unimproved
TCD,Chad,Sanitation,2015,9.55,1340352,At_least_basic
TCD,Chad,Sanitation,2015,5.56,780424,Limited_service
TCD,Chad,Sanitation,2015,67.59,9488054,Open_defecation
TCD,Chad,Sanitation,2015,17.30,2428641,Unimproved
TGO,Togo,Sanitation,2015,13.95,1018878,At_least_basic
TGO,Togo,Sanitation,2015,24.34,1777689,Limited_service
TGO,Togo,Sanitation,2015,50.68,3701948,Open_defecation
TGO,Togo,Sanitation,2015,11.04,806064,Unimproved
THA,Thailand,Sanitation,2015,95.01,64569069,At_least_basic
THA,Thailand,Sanitation,2015,4.56,3098247,Limited_service
THA,Thailand,Sanitation,2015,0.27,184627,Open_defecation
THA,Thailand,Sanitation,2015,0.16,107416,Unimproved
TJK,Tajikistan,Sanitation,2015,95.49,8099505,At_least_basic
TJK,Tajikistan,Sanitation,2015,3.15,267599,Limited_service
TJK,Tajikistan,Sanitation,2015,0.07,5607,Open_defecation
TJK,Tajikistan,Sanitation,2015,1.29,109144,Unimproved
TKL,Tokelau,Sanitation,2015,93.07,1163,At_least_basic
TKL,Tokelau,Sanitation,2015,4.65,58,Limited_service
TKL,Tokelau,Sanitation,2015,0.00,0,Open_defecation
TKL,Tokelau,Sanitation,2015,2.28,29,Unimproved
TKM,Turkmenistan,Sanitation,2015,96.57,5189034,At_least_basic
TKM,Turkmenistan,Sanitation,2015,3.27,175928,Limited_service
TKM,Turkmenistan,Sanitation,2015,0.05,2656,Open_defecation
TKM,Turkmenistan,Sanitation,2015,0.11,5884,Unimproved
TLS,Timor-Leste,Sanitation,2015,44.01,521428,At_least_basic
TLS,Timor-Leste,Sanitation,2015,10.02,118716,Limited_service
TLS,Timor-Leste,Sanitation,2015,23.61,279727,Open_defecation
TLS,Timor-Leste,Sanitation,2015,22.36,264894,Unimproved
TON,Tonga,Sanitation,2015,93.47,99235,At_least_basic
TON,Tonga,Sanitation,2015,1.02,1085,Limited_service
TON,Tonga,Sanitation,2015,0.00,0,Open_defecation
TON,Tonga,Sanitation,2015,5.51,5850,Unimproved
TTO,Trinidad_and_Tobago,Sanitation,2015,92.15,1253274,At_least_basic
TTO,Trinidad_and_Tobago,Sanitation,2015,7.14,97165,Limited_service
TTO,Trinidad_and_Tobago,Sanitation,2015,0.26,3501,Open_defecation
TTO,Trinidad_and_Tobago,Sanitation,2015,0.45,6149,Unimproved
TUN,Tunisia,Sanitation,2015,19.67,2213684,Basic_service
TUN,Tunisia,Sanitation,2015,4.64,522602,Limited_service
TUN,Tunisia,Sanitation,2015,0.89,100593,Open_defecation
TUN,Tunisia,Sanitation,2015,73.46,8266507,Safely_managed_service
TUN,Tunisia,Sanitation,2015,1.33,150168,Unimproved
TUR,Turkey,Sanitation,2015,52.08,40969397,Basic_service
TUR,Turkey,Sanitation,2015,1.40,1103266,Limited_service
TUR,Turkey,Sanitation,2015,0.33,261455,Open_defecation
TUR,Turkey,Sanitation,2015,44.29,34842984,Safely_managed_service
TUR,Turkey,Sanitation,2015,1.89,1488729,Unimproved
TUV,Tuvalu,Sanitation,2015,82.43,8174,Basic_service
TUV,Tuvalu,Sanitation,2015,0.07,7,Limited_service
TUV,Tuvalu,Sanitation,2015,7.09,704,Open_defecation
TUV,Tuvalu,Sanitation,2015,8.98,890,Safely_managed_service
TUV,Tuvalu,Sanitation,2015,1.42,141,Unimproved
TZA,United_Republic_of_Tanzania,Sanitation,2015,23.53,12583764,At_least_basic
TZA,United_Republic_of_Tanzania,Sanitation,2015,13.32,7124513,Limited_service
TZA,United_Republic_of_Tanzania,Sanitation,2015,11.26,6021264,Open_defecation
TZA,United_Republic_of_Tanzania,Sanitation,2015,51.88,27740879,Unimproved
UGA,Uganda,Sanitation,2015,19.15,7475074,At_least_basic
UGA,Uganda,Sanitation,2015,14.41,5624383,Limited_service
UGA,Uganda,Sanitation,2015,6.21,2422449,Open_defecation
UGA,Uganda,Sanitation,2015,60.23,23510477,Unimproved
UKR,Ukraine,Sanitation,2015,95.94,43002952,At_least_basic
UKR,Ukraine,Sanitation,2015,2.52,1129545,Limited_service
UKR,Ukraine,Sanitation,2015,0.00,522,Open_defecation
UKR,Ukraine,Sanitation,2015,1.54,690745,Unimproved
URY,Uruguay,Sanitation,2015,32.06,1100223,Basic_service
URY,Uruguay,Sanitation,2015,3.00,103025,Limited_service
URY,Uruguay,Sanitation,2015,0.54,18675,Open_defecation
URY,Uruguay,Sanitation,2015,63.61,2182914,Safely_managed_service
URY,Uruguay,Sanitation,2015,0.78,26717,Unimproved
USA,United_States_of_America,Sanitation,2015,10.47,33689948,Basic_service
USA,United_States_of_America,Sanitation,2015,0.00,0,Limited_service
USA,United_States_of_America,Sanitation,2015,0.00,0,Open_defecation
USA,United_States_of_America,Sanitation,2015,89.50,287985707,Safely_managed_service
USA,United_States_of_America,Sanitation,2015,0.03,97977,Unimproved
UZB,Uzbekistan,Sanitation,2015,100.00,29893488,At_least_basic
UZB,Uzbekistan,Sanitation,2015,0.00,0,Limited_service
UZB,Uzbekistan,Sanitation,2015,0.00,0,Open_defecation
UZB,Uzbekistan,Sanitation,2015,0.00,0,Unimproved
VCT,Saint_Vincent_and_the_Grenadines,Sanitation,2015,87.18,95434,At_least_basic
VCT,Saint_Vincent_and_the_Grenadines,Sanitation,2015,2.98,3257,Limited_service
VCT,Saint_Vincent_and_the_Grenadines,Sanitation,2015,3.36,3677,Open_defecation
VCT,Saint_Vincent_and_the_Grenadines,Sanitation,2015,6.48,7095,Unimproved
VEN,Venezuela_(Bolivarian_Republic_of),Sanitation,2015,75.82,23586416,Basic_service
VEN,Venezuela_(Bolivarian_Republic_of),Sanitation,2015,0.00,0,Limited_service
VEN,Venezuela_(Bolivarian_Republic_of),Sanitation,2015,4.86,1512461,Open_defecation
VEN,Venezuela_(Bolivarian_Republic_of),Sanitation,2015,19.11,5945852,Safely_managed_service
VEN,Venezuela_(Bolivarian_Republic_of),Sanitation,2015,0.20,63354,Unimproved
VGB,British_Virgin_Islands,Sanitation,2015,96.86,29171,At_least_basic
VGB,British_Virgin_Islands,Sanitation,2015,0.00,0,Limited_service
VGB,British_Virgin_Islands,Sanitation,2015,0.00,0,Open_defecation
VGB,British_Virgin_Islands,Sanitation,2015,3.14,946,Unimproved
VIR,United_States_Virgin_Islands,Sanitation,2015,97.60,103739,At_least_basic
VIR,United_States_Virgin_Islands,Sanitation,2015,0.00,0,Limited_service
VIR,United_States_Virgin_Islands,Sanitation,2015,0.00,0,Open_defecation
VIR,United_States_Virgin_Islands,Sanitation,2015,2.40,2552,Unimproved
VNM,Viet_Nam,Sanitation,2015,78.24,73111017,At_least_basic
VNM,Viet_Nam,Sanitation,2015,4.13,3860239,Limited_service
VNM,Viet_Nam,Sanitation,2015,3.85,3600533,Open_defecation
VNM,Viet_Nam,Sanitation,2015,13.78,12875810,Unimproved
VUT,Vanuatu,Sanitation,2015,53.47,141505,At_least_basic
VUT,Vanuatu,Sanitation,2015,17.93,47455,Limited_service
VUT,Vanuatu,Sanitation,2015,1.68,4437,Open_defecation
VUT,Vanuatu,Sanitation,2015,26.92,71256,Unimproved
WLF,Wallis_and_Futuna_Islands,Sanitation,2015,99.12,13036,At_least_basic
WLF,Wallis_and_Futuna_Islands,Sanitation,2015,0.00,0,Limited_service
WLF,Wallis_and_Futuna_Islands,Sanitation,2015,0.88,115,Open_defecation
WLF,Wallis_and_Futuna_Islands,Sanitation,2015,0.00,0,Unimproved
WSM,Samoa,Sanitation,2015,96.62,186697,At_least_basic
WSM,Samoa,Sanitation,2015,0.00,0,Limited_service
WSM,Samoa,Sanitation,2015,0.13,245,Open_defecation
WSM,Samoa,Sanitation,2015,3.25,6286,Unimproved
YEM,Yemen,Sanitation,2015,59.68,16014184,At_least_basic
YEM,Yemen,Sanitation,2015,4.24,1137293,Limited_service
YEM,Yemen,Sanitation,2015,19.98,5361628,Open_defecation
YEM,Yemen,Sanitation,2015,16.10,4319108,Unimproved
ZAF,South_Africa,Sanitation,2015,73.13,39848195,At_least_basic
ZAF,South_Africa,Sanitation,2015,16.47,8975498,Limited_service
ZAF,South_Africa,Sanitation,2015,2.25,1227367,Open_defecation
ZAF,South_Africa,Sanitation,2015,8.15,4439348,Unimproved
ZMB,Zambia,Sanitation,2015,31.11,5043774,At_least_basic
ZMB,Zambia,Sanitation,2015,12.21,1979376,Limited_service
ZMB,Zambia,Sanitation,2015,15.19,2463228,Open_defecation
ZMB,Zambia,Sanitation,2015,41.48,6725389,Unimproved
ZWE,Zimbabwe,Sanitation,2015,38.59,6020886,At_least_basic
ZWE,Zimbabwe,Sanitation,2015,23.72,3701615,Limited_service
ZWE,Zimbabwe,Sanitation,2015,26.49,4133076,Open_defecation
ZWE,Zimbabwe,Sanitation,2015,11.20,1747174,Unimproved
